Error ID,Model,Task ID,Semantic Characteristics,Syntactic Characteristics,Prompt length,LOC,Number of AST nodes of correct solutions,pass_rate,run_err_rate,syn_err,gold_sim_CB,gold_sim_B,mut_sim_CB,mut_sim_B,timeout_rate,black_count,semgrep_count,Aa1,Aa2,Ab1,Ac1,Ac2,Ad1,Ad4,Ae1,Ae2,Ae3,Af1,Af2,Ag1,Ba1,Bb1,Bb2,Bc2,Bd1,Bd2,Bd3,Be4,Be1,Be5,Be6,Bf1,Bg1,Bg2
141,InCoder-1B,0,Ae3 Wrong (logical) direction,Bg1 Incorrect code block,46,7,73,0.228401,0.771599,0,,0.771496,,,,,,0,0,0,0,0,0,0,0,0,1,0,0,0,0,0,0,0,0,0,0,0,0,0,0,0,1,0
142,InCoder-1B,1,Ae3 Wrong (logical) direction,Bg1 Incorrect code block,74,14,100,0.430279,0.569721,0,,0.55365,,,,,,0,0,0,0,0,0,0,0,0,1,0,0,0,0,0,0,0,0,0,0,0,0,0,0,0,1,0
143,InCoder-1B,2,Ac2 Undefined name,Bd2 Incorrect function arguments,45,1,16,1.0,0.0,0,,0.901203,,,,,,0,0,0,0,1,0,0,0,0,0,0,0,0,0,0,0,0,0,1,0,0,0,0,0,0,0,0
144,InCoder-1B,2,Ad1 Incorrect arithmetic operation,Bc2 Incorrect return value,45,1,16,1.0,0.0,0,,0.901203,,,,,,0,0,0,0,0,1,0,0,0,0,0,0,0,0,0,0,1,0,0,0,0,0,0,0,0,0,0
145,InCoder-1B,3,Ae3 Wrong (logical) direction,Bg1 Incorrect code block,69,6,41,0.729282,0.270718,0,,0.404263,,,,,,0,0,0,0,0,0,0,0,0,1,0,0,0,0,0,0,0,0,0,0,0,0,0,0,0,1,0
146,InCoder-1B,4,Ac1 Wrong method/variable,Bd1 Incorrect function name,60,2,57,1.0,0.0,0,,0.886371,,,,,,0,0,0,1,0,0,0,0,0,0,0,0,0,0,0,0,0,1,0,0,0,0,0,0,0,0,0
147,InCoder-1B,4,Af1 Missing one step,Bg2 Missing code block,60,2,57,1.0,0.0,0,,0.886371,,,,,,0,0,0,0,0,0,0,0,0,0,1,0,0,0,0,0,0,0,0,0,0,0,0,0,0,0,1
148,InCoder-1B,5,Ae3 Wrong (logical) direction,Bg1 Incorrect code block,40,8,79,0.846154,0.153846,0,,0.730198,,,,,,0,0,0,0,0,0,0,0,0,1,0,0,0,0,0,0,0,0,0,0,0,0,0,0,0,1,0
149,InCoder-1B,6,Ae3 Wrong (logical) direction,Bg1 Incorrect code block,61,11,79,0.998006,0.001994,0,,0.516499,,,,,,0,0,0,0,0,0,0,0,0,1,0,0,0,0,0,0,0,0,0,0,0,0,0,0,0,1,0
150,InCoder-1B,7,Aa2 Incorrect condition,Ba1 If error,39,1,38,0.307692,0.692308,0,,0.890478,,,,,,0,1,0,0,0,0,0,0,0,0,0,0,0,1,0,0,0,0,0,0,0,0,0,0,0,0,0
151,InCoder-1B,9,Af1 Missing one step,Bg2 Missing code block,47,9,67,0.996888,0.003112,0,,0.667462,,,,,,0,0,0,0,0,0,0,0,0,0,1,0,0,0,0,0,0,0,0,0,0,0,0,0,0,0,1
152,InCoder-1B,9,Aa2 Incorrect condition,Ba1 If error,47,9,67,0.996888,0.003112,0,,0.667462,,,,,,0,1,0,0,0,0,0,0,0,0,0,0,0,1,0,0,0,0,0,0,0,0,0,0,0,0,0
153,InCoder-1B,10,Ac2 Undefined name,Bd1 Incorrect function name,79,6,79,1.0,0.0,0,,0.660218,,,,,,0,0,0,0,1,0,0,0,0,0,0,0,0,0,0,0,0,1,0,0,0,0,0,0,0,0,0
154,InCoder-1B,10,Ac1 Wrong method/variable,Be5 Incorrect variable name,79,6,79,1.0,0.0,0,,0.660218,,,,,,0,0,0,1,0,0,0,0,0,0,0,0,0,0,0,0,0,0,0,0,0,0,1,0,0,0,0
155,InCoder-1B,11,Ac1 Wrong method/variable,Bd1 Incorrect function name,43,6,57,1.0,0.0,0,,0.719793,,,,,,0,0,0,1,0,0,0,0,0,0,0,0,0,0,0,0,0,1,0,0,0,0,0,0,0,0,0
156,InCoder-1B,11,Ac1 Wrong method/variable,Bd2 Incorrect function arguments,43,6,57,1.0,0.0,0,,0.719793,,,,,,0,0,0,1,0,0,0,0,0,0,0,0,0,0,0,0,0,0,1,0,0,0,0,0,0,0,0
157,InCoder-1B,12,Ac1 Wrong method/variable,Bd1 Incorrect function name,55,6,63,0.967949,0.032051,0,,0.798738,,,,,,0,0,0,1,0,0,0,0,0,0,0,0,0,0,0,0,0,1,0,0,0,0,0,0,0,0,0
158,InCoder-1B,12,Ac1 Wrong method/variable,Bc2 Incorrect return value,55,6,63,0.967949,0.032051,0,,0.798738,,,,,,0,0,0,1,0,0,0,0,0,0,0,0,0,0,0,0,1,0,0,0,0,0,0,0,0,0,0
159,InCoder-1B,14,Aa2 Incorrect condition,Bb1 For error,29,4,51,0.987859,0.012141,0,,0.713205,,,,,,0,1,0,0,0,0,0,0,0,0,0,0,0,0,1,0,0,0,0,0,0,0,0,0,0,0,0
160,InCoder-1B,14,Ac1 Wrong method/variable,Bd2 Incorrect function arguments,29,4,51,0.987859,0.012141,0,,0.713205,,,,,,0,0,0,1,0,0,0,0,0,0,0,0,0,0,0,0,0,0,1,0,0,0,0,0,0,0,0
161,InCoder-1B,15,Ab1 Constant value error,Bd3 Incorrect method call target,30,1,32,1.0,0.0,0,,0.832669,,,,,,0,0,1,0,0,0,0,0,0,0,0,0,0,0,0,0,0,0,0,1,0,0,0,0,0,0,0
162,InCoder-1B,15,Aa2 Incorrect condition,Bb1 For error,30,1,32,1.0,0.0,0,,0.832669,,,,,,0,1,0,0,0,0,0,0,0,0,0,0,0,0,1,0,0,0,0,0,0,0,0,0,0,0,0
163,InCoder-1B,16,Af1 Missing one step,Bd2 Incorrect function arguments,29,1,22,0.39403,0.60597,0,,0.920628,,,,,,0,0,0,0,0,0,0,0,0,0,1,0,0,0,0,0,0,0,1,0,0,0,0,0,0,0,0
164,InCoder-1B,17,Ae2 Meaningless code snippet,Bg1 Incorrect code block,95,2,45,1.0,0.0,0,,0.177658,,,,,,0,0,0,0,0,0,0,0,1,0,0,0,0,0,0,0,0,0,0,0,0,0,0,0,0,1,0
165,InCoder-1B,18,Ad1 Incorrect arithmetic operation,Be1 Incorrect arithmetic,38,5,67,0.077689,0.922311,0,,0.754268,,,,,,0,0,0,0,0,1,0,0,0,0,0,0,0,0,0,0,0,0,0,0,0,1,0,0,0,0,0
166,InCoder-1B,19,Ae3 Wrong (logical) direction,Bg1 Incorrect code block,53,13,68,0.984962,0.015038,0,,0.517176,,,,,,0,0,0,0,0,0,0,0,0,1,0,0,0,0,0,0,0,0,0,0,0,0,0,0,0,1,0
167,InCoder-1B,20,Ae3 Wrong (logical) direction,Bg1 Incorrect code block,62,14,139,0.991045,0.008955,0,,0.739763,,,,,,0,0,0,0,0,0,0,0,0,1,0,0,0,0,0,0,0,0,0,0,0,0,0,0,0,1,0
168,InCoder-1B,21,Ac1 Wrong method/variable,Bd1 Incorrect function name,52,3,57,0.993028,0.006972,0,,0.777225,,,,,,0,0,0,1,0,0,0,0,0,0,0,0,0,0,0,0,0,1,0,0,0,0,0,0,0,0,0
169,InCoder-1B,21,Ad1 Incorrect arithmetic operation,Be1 Incorrect arithmetic,52,3,57,0.993028,0.006972,0,,0.777225,,,,,,0,0,0,0,0,1,0,0,0,0,0,0,0,0,0,0,0,0,0,0,0,1,0,0,0,0,0
171,InCoder-1B,24,Aa2 Incorrect condition,Bb2 While error,26,3,34,1.0,0.0,0,,0.678195,,,,,,0,1,0,0,0,0,0,0,0,0,0,0,0,0,0,1,0,0,0,0,0,0,0,0,0,0,0
172,InCoder-1B,24,Af2 Missing multiple steps,Bg2 Missing code block,26,3,34,1.0,0.0,0,,0.678195,,,,,,0,0,0,0,0,0,0,0,0,0,0,1,0,0,0,0,0,0,0,0,0,0,0,0,0,0,1
173,InCoder-1B,25,Ae3 Wrong (logical) direction,Bg1 Incorrect code block,70,12,91,1.0,0.0,0,,0.647358,,,,,,0,0,0,0,0,0,0,0,0,1,0,0,0,0,0,0,0,0,0,0,0,0,0,0,0,1,0
174,InCoder-1B,26,Af2 Missing multiple steps,Bg2 Missing code block,44,3,50,0.971098,0.028902,0,,0.699257,,,,,,0,0,0,0,0,0,0,0,0,0,0,1,0,0,0,0,0,0,0,0,0,0,0,0,0,0,1
175,InCoder-1B,27,Af2 Missing multiple steps,Bg2 Missing code block,23,1,16,0.933402,0.066598,0,,0.697534,,,,,,0,0,0,0,0,0,0,0,0,0,0,1,0,0,0,0,0,0,0,0,0,0,0,0,0,0,1
176,InCoder-1B,30,Aa2 Incorrect condition,Ba1 If error,39,1,22,0.480558,0.519442,0,,0.885377,,,,,,0,1,0,0,0,0,0,0,0,0,0,0,0,1,0,0,0,0,0,0,0,0,0,0,0,0,0
177,InCoder-1B,32,Ae3 Wrong (logical) direction,Bg1 Incorrect code block,131,11,148,1.0,0.0,0,,0.714621,,,,,,0,0,0,0,0,0,0,0,0,1,0,0,0,0,0,0,0,0,0,0,0,0,0,0,0,1,0
178,InCoder-1B,33,Aa2 Incorrect condition,Ba1 If error,77,3,35,0.99171,0.00829,0,,0.726653,,,,,,0,1,0,0,0,0,0,0,0,0,0,0,0,1,0,0,0,0,0,0,0,0,0,0,0,0,0
179,InCoder-1B,33,Af2 Missing multiple steps,Bg2 Missing code block,77,3,35,0.99171,0.00829,0,,0.726653,,,,,,0,0,0,0,0,0,0,0,0,0,0,1,0,0,0,0,0,0,0,0,0,0,0,0,0,0,1
180,InCoder-1B,36,Ae3 Wrong (logical) direction,Bg1 Incorrect code block,34,9,86,0.621795,0.378205,0,,0.607887,,,,,,0,0,0,0,0,0,0,0,0,1,0,0,0,0,0,0,0,0,0,0,0,0,0,0,0,1,0
181,InCoder-1B,37,Ae3 Wrong (logical) direction,Bg1 Incorrect code block,62,9,93,0.960082,0.039918,0,,0.735763,,,,,,0,0,0,0,0,0,0,0,0,1,0,0,0,0,0,0,0,0,0,0,0,0,0,0,0,1,0
182,InCoder-1B,38,Af2 Missing multiple steps,Bg2 Missing code block,87,1,111,0.0,1.0,1,,0.672748,,,,,,0,0,0,0,0,0,0,0,0,0,0,1,0,0,0,0,0,0,0,0,0,0,0,0,0,0,1
183,InCoder-1B,39,Ae3 Wrong (logical) direction,Bg1 Incorrect code block,33,15,124,1.0,0.0,0,,0.200953,,,,,,0,0,0,0,0,0,0,0,0,1,0,0,0,0,0,0,0,0,0,0,0,0,0,0,0,1,0
184,InCoder-1B,40,Ae3 Wrong (logical) direction,Bg1 Incorrect code block,62,6,81,0.173077,0.826923,0,,0.608621,,,,,,0,0,0,0,0,0,0,0,0,1,0,0,0,0,0,0,0,0,0,0,0,0,0,0,0,1,0
185,InCoder-1B,41,Ae2 Meaningless code snippet,Bg1 Incorrect code block,107,1,14,0.0,1.0,1,,0.116539,,,,,,0,0,0,0,0,0,0,0,1,0,0,0,0,0,0,0,0,0,0,0,0,0,0,0,0,1,0
186,InCoder-1B,42,Ae3 Wrong (logical) direction,Bg1 Incorrect code block,37,1,20,1.0,0.0,0,,0.902795,,,,,,0,0,0,0,0,0,0,0,0,1,0,0,0,0,0,0,0,0,0,0,0,0,0,0,0,1,0
187,InCoder-1B,43,Ae3 Wrong (logical) direction,Bg1 Incorrect code block,61,5,52,0.760936,0.239064,0,,0.736293,,,,,,0,0,0,0,0,0,0,0,0,1,0,0,0,0,0,0,0,0,0,0,0,0,0,0,0,1,0
188,InCoder-1B,44,Ad1 Incorrect arithmetic operation,Be1 Incorrect arithmetic,39,5,46,1.0,0.0,0,,0.751544,,,,,,0,0,0,0,0,1,0,0,0,0,0,0,0,0,0,0,0,0,0,0,0,1,0,0,0,0,0
189,InCoder-1B,44,Af1 Missing one step,Bg2 Missing code block,39,5,46,1.0,0.0,0,,0.751544,,,,,,0,0,0,0,0,0,0,0,0,0,1,0,0,0,0,0,0,0,0,0,0,0,0,0,0,0,1
190,InCoder-1B,46,Af2 Missing multiple steps,Bg2 Missing code block,69,7,97,0.992647,0.007353,0,,0.700857,,,,,,0,0,0,0,0,0,0,0,0,0,0,1,0,0,0,0,0,0,0,0,0,0,0,0,0,0,1
191,InCoder-1B,46,Ab1 Constant value error,Bc2 Incorrect return value,69,7,97,0.992647,0.007353,0,,0.700857,,,,,,0,0,1,0,0,0,0,0,0,0,0,0,0,0,0,0,1,0,0,0,0,0,0,0,0,0,0
192,InCoder-1B,46,Ag1 Infinite Loop,Bg1 Incorrect code block,69,7,97,0.992647,0.007353,0,,0.700857,,,,,,0,0,0,0,0,0,0,0,0,0,0,0,1,0,0,0,0,0,0,0,0,0,0,0,0,1,0
193,InCoder-1B,47,Aa2 Incorrect condition,Ba1 If error,27,5,74,0.363,0.637,0,,0.588584,,,,,,0,1,0,0,0,0,0,0,0,0,0,0,0,1,0,0,0,0,0,0,0,0,0,0,0,0,0
194,InCoder-1B,47,Ac1 Wrong method/variable,Be1 Incorrect arithmetic,27,5,74,0.363,0.637,0,,0.588584,,,,,,0,0,0,1,0,0,0,0,0,0,0,0,0,0,0,0,0,0,0,0,0,1,0,0,0,0,0
195,InCoder-1B,50,Ad1 Incorrect arithmetic operation,Bd2 Incorrect function arguments,47,1,89,0.999091,0.000909,0,,0.948659,,,,,,0,0,0,0,0,1,0,0,0,0,0,0,0,0,0,0,0,0,1,0,0,0,0,0,0,0,0
196,InCoder-1B,54,Ac1 Wrong method/variable,Bd1 Incorrect function name,39,1,24,0.132207,0.867793,0,,0.958491,,,,,,0,0,0,1,0,0,0,0,0,0,0,0,0,0,0,0,0,1,0,0,0,0,0,0,0,0,0
198,InCoder-1B,56,Ae3 Wrong (logical) direction,Bg1 Incorrect code block,36,9,47,0.054348,0.945652,0,,0.739494,,,,,,0,0,0,0,0,0,0,0,0,1,0,0,0,0,0,0,0,0,0,0,0,0,0,0,0,1,0
199,InCoder-1B,57,Af2 Missing multiple steps,Bg2 Missing code block,32,3,35,0.048008,0.951992,0,,0.570613,,,,,,0,0,0,0,0,0,0,0,0,0,0,1,0,0,0,0,0,0,0,0,0,0,0,0,0,0,1
201,InCoder-1B,59,Aa2 Incorrect condition,Bb2 While error,26,12,91,1.0,0.0,0,,0.19609,,,,,,0,1,0,0,0,0,0,0,0,0,0,0,0,0,0,1,0,0,0,0,0,0,0,0,0,0,0
202,InCoder-1B,61,Ae3 Wrong (logical) direction,Bg1 Incorrect code block,36,9,47,0.951533,0.048467,0,,0.704975,,,,,,0,0,0,0,0,0,0,0,0,1,0,0,0,0,0,0,0,0,0,0,0,0,0,0,0,1,0
203,InCoder-1B,62,Aa2 Incorrect condition,Bb1 For error,47,1,32,1.0,0.0,0,,0.882436,,,,,,0,1,0,0,0,0,0,0,0,0,0,0,0,0,1,0,0,0,0,0,0,0,0,0,0,0,0
204,InCoder-1B,62,Ad1 Incorrect arithmetic operation,Be1 Incorrect arithmetic,47,1,32,1.0,0.0,0,,0.882436,,,,,,0,0,0,0,0,1,0,0,0,0,0,0,0,0,0,0,0,0,0,0,0,1,0,0,0,0,0
205,InCoder-1B,63,Ac2 Undefined name,Bd1 Incorrect function name,60,7,61,0.971429,0.028571,0,,0.694335,,,,,,0,0,0,0,1,0,0,0,0,0,0,0,0,0,0,0,0,1,0,0,0,0,0,0,0,0,0
206,InCoder-1B,63,Af2 Missing multiple steps,Bg2 Missing code block,60,7,61,0.971429,0.028571,0,,0.694335,,,,,,0,0,0,0,0,0,0,0,0,0,0,1,0,0,0,0,0,0,0,0,0,0,0,0,0,0,1
207,InCoder-1B,64,Af1 Missing one step,Bg2 Missing code block,68,5,63,0.358358,0.641642,0,,0.708582,,,,,,0,0,0,0,0,0,0,0,0,0,1,0,0,0,0,0,0,0,0,0,0,0,0,0,0,0,1
208,InCoder-1B,65,Ae3 Wrong (logical) direction,Bg1 Incorrect code block,42,5,65,1.0,0.0,0,,0.600451,,,,,,0,0,0,0,0,0,0,0,0,1,0,0,0,0,0,0,0,0,0,0,0,0,0,0,0,1,0
209,InCoder-1B,66,Af1 Missing one step,Bg2 Missing code block,43,2,36,0.980159,0.019841,0,,0.841387,,,,,,0,0,0,0,0,0,0,0,0,0,1,0,0,0,0,0,0,0,0,0,0,0,0,0,0,0,1
210,InCoder-1B,67,Ac2 Undefined name,Bd1 Incorrect function name,129,5,49,1.0,0.0,0,,0.812034,,,,,,0,0,0,0,1,0,0,0,0,0,0,0,0,0,0,0,0,1,0,0,0,0,0,0,0,0,0
211,InCoder-1B,68,Ae1 Only comments,Bg2 Missing code block,180,4,68,1.0,0.0,0,,0.785544,,,,,,0,0,0,0,0,0,0,1,0,0,0,0,0,0,0,0,0,0,0,0,0,0,0,0,0,0,1
212,InCoder-1B,69,Ac2 Undefined name,Bd1 Incorrect function name,87,8,73,1.0,0.0,0,,0.800568,,,,,,0,0,0,0,1,0,0,0,0,0,0,0,0,0,0,0,0,1,0,0,0,0,0,0,0,0,0
213,InCoder-1B,69,Af2 Missing multiple steps,Bg2 Missing code block,87,8,73,1.0,0.0,0,,0.800568,,,,,,0,0,0,0,0,0,0,0,0,0,0,1,0,0,0,0,0,0,0,0,0,0,0,0,0,0,1
214,InCoder-1B,70,Ac1 Wrong method/variable,Bd1 Incorrect function name,56,6,63,0.984756,0.015244,0,,0.568435,,,,,,0,0,0,1,0,0,0,0,0,0,0,0,0,0,0,0,0,1,0,0,0,0,0,0,0,0,0
215,InCoder-1B,70,Af2 Missing multiple steps,Bg2 Missing code block,56,6,63,0.984756,0.015244,0,,0.568435,,,,,,0,0,0,0,0,0,0,0,0,0,0,1,0,0,0,0,0,0,0,0,0,0,0,0,0,0,1
216,InCoder-1B,71,Ae1 Only comments,Bg2 Missing code block,68,6,105,1.0,0.0,0,,0.499635,,,,,,0,0,0,0,0,0,0,1,0,0,0,0,0,0,0,0,0,0,0,0,0,0,0,0,0,0,1
217,InCoder-1B,72,Ae1 Only comments,Bg2 Missing code block,118,9,73,1.0,0.0,0,,0.905311,,,,,,0,0,0,0,0,0,0,1,0,0,0,0,0,0,0,0,0,0,0,0,0,0,0,0,0,0,1
218,InCoder-1B,73,Aa2 Incorrect condition,Bb1 For error,73,5,57,0.97732,0.02268,0,,0.867371,,,,,,0,1,0,0,0,0,0,0,0,0,0,0,0,0,1,0,0,0,0,0,0,0,0,0,0,0,0
219,InCoder-1B,74,Ae1 Only comments,Bg2 Missing code block,88,10,56,1.0,0.0,0,,0.820207,,,,,,0,0,0,0,0,0,0,1,0,0,0,0,0,0,0,0,0,0,0,0,0,0,0,0,0,0,1
220,InCoder-1B,75,Ae3 Wrong (logical) direction,Bg1 Incorrect code block,41,13,102,0.284768,0.715232,0,,0.232236,,,,,,0,0,0,0,0,0,0,0,0,1,0,0,0,0,0,0,0,0,0,0,0,0,0,0,0,1,0
221,InCoder-1B,76,Af2 Missing multiple steps,Bg2 Missing code block,64,6,46,0.09151,0.90849,0,,0.543886,,,,,,0,0,0,0,0,0,0,0,0,0,0,1,0,0,0,0,0,0,0,0,0,0,0,0,0,0,1
222,InCoder-1B,77,Ae3 Wrong (logical) direction,Bc2 Incorrect return value,53,2,36,0.364162,0.635838,0,,0.776659,,,,,,0,0,0,0,0,0,0,0,0,1,0,0,0,0,0,0,1,0,0,0,0,0,0,0,0,0,0
223,InCoder-1B,78,Ae1 Only comments,Bg2 Missing code block,165,6,52,1.0,0.0,0,,0.92222,,,,,,0,0,0,0,0,0,0,1,0,0,0,0,0,0,0,0,0,0,0,0,0,0,0,0,0,0,1
224,InCoder-1B,79,Ab1 Constant value error,Be4 Incorrect constant,83,1,22,1.0,0.0,0,,0.890562,,,,,,0,0,1,0,0,0,0,0,0,0,0,0,0,0,0,0,0,0,0,0,1,0,0,0,0,0,0
225,InCoder-1B,79,Ac1 Wrong method/variable,Bd1 Incorrect function name,83,1,22,1.0,0.0,0,,0.890562,,,,,,0,0,0,1,0,0,0,0,0,0,0,0,0,0,0,0,0,1,0,0,0,0,0,0,0,0,0
226,InCoder-1B,80,Ae3 Wrong (logical) direction,Bg2 Missing code block,59,6,92,0.930453,0.069547,0,,0.653265,,,,,,0,0,0,0,0,0,0,0,0,1,0,0,0,0,0,0,0,0,0,0,0,0,0,0,0,0,1
227,InCoder-1B,81,Ae3 Wrong (logical) direction,Bg1 Incorrect code block,127,29,182,1.0,0.0,0,,0.581353,,,,,,0,0,0,0,0,0,0,0,0,1,0,0,0,0,0,0,0,0,0,0,0,0,0,0,0,1,0
228,InCoder-1B,83,Ae3 Wrong (logical) direction,Bg1 Incorrect code block,25,2,26,0.990826,0.009174,0,,0.694262,,,,,,0,0,0,0,0,0,0,0,0,1,0,0,0,0,0,0,0,0,0,0,0,0,0,0,0,1,0
229,InCoder-1B,84,Ae1 Only comments,Bg2 Missing code block,81,1,31,1.0,0.0,0,,0.766397,,,,,,0,0,0,0,0,0,0,1,0,0,0,0,0,0,0,0,0,0,0,0,0,0,0,0,0,0,1
230,InCoder-1B,85,Af2 Missing multiple steps,Bg2 Missing code block,26,1,42,0.911824,0.088176,0,,0.560437,,,,,,0,0,0,0,0,0,0,0,0,0,0,1,0,0,0,0,0,0,0,0,0,0,0,0,0,0,1
231,InCoder-1B,86,Ae2 Meaningless code snippet,Bg1 Incorrect code block,76,1,33,0.0,1.0,1,,0.189188,,,,,,0,0,0,0,0,0,0,0,1,0,0,0,0,0,0,0,0,0,0,0,0,0,0,0,0,1,0
232,InCoder-1B,87,Ae3 Wrong (logical) direction,Bg1 Incorrect code block,117,2,86,0.906103,0.093897,0,,0.857583,,,,,,0,0,0,0,0,0,0,0,0,1,0,0,0,0,0,0,0,0,0,0,0,0,0,0,0,1,0
233,InCoder-1B,88,Ae2 Meaningless code snippet,Bg1 Incorrect code block,102,1,44,1.0,0.0,0,,0.247311,,,,,,0,0,0,0,0,0,0,0,1,0,0,0,0,0,0,0,0,0,0,0,0,0,0,0,0,1,0
234,InCoder-1B,89,Ae3 Wrong (logical) direction,Bg1 Incorrect code block,58,8,59,1.0,0.0,0,,0.679339,,,,,,0,0,0,0,0,0,0,0,0,1,0,0,0,0,0,0,0,0,0,0,0,0,0,0,0,1,0
235,InCoder-1B,90,Ae1 Only comments,Bg2 Missing code block,53,2,33,0.984318,0.015682,0,,0.714098,,,,,,0,0,0,0,0,0,0,1,0,0,0,0,0,0,0,0,0,0,0,0,0,0,0,0,0,0,1
236,InCoder-1B,91,Aa1 Missing condition,Bb1 For error,60,3,39,0.295229,0.704771,0,,0.60799,,,,,,1,0,0,0,0,0,0,0,0,0,0,0,0,0,1,0,0,0,0,0,0,0,0,0,0,0,0
237,InCoder-1B,92,Ae3 Wrong (logical) direction,Bc2 Incorrect return value,61,5,71,1.0,0.0,0,,0.692832,,,,,,0,0,0,0,0,0,0,0,0,1,0,0,0,0,0,0,1,0,0,0,0,0,0,0,0,0,0
238,InCoder-1B,93,Ae2 Meaningless code snippet,Bg1 Incorrect code block,61,4,71,0.0,1.0,1,,0.101908,,,,,,0,0,0,0,0,0,0,0,1,0,0,0,0,0,0,0,0,0,0,0,0,0,0,0,0,1,0
239,InCoder-1B,94,Ae2 Meaningless code snippet,Bg1 Incorrect code block,80,13,118,1.0,0.0,0,,0.310766,,,,,,0,0,0,0,0,0,0,0,1,0,0,0,0,0,0,0,0,0,0,0,0,0,0,0,0,1,0
240,InCoder-1B,95,Aa2 Incorrect condition,Ba1 If error,69,21,125,0.148855,0.851145,0,,0.767079,,,,,,0,1,0,0,0,0,0,0,0,0,0,0,0,1,0,0,0,0,0,0,0,0,0,0,0,0,0
241,InCoder-1B,95,Af2 Missing multiple steps,Bg2 Missing code block,69,21,125,0.148855,0.851145,0,,0.767079,,,,,,0,0,0,0,0,0,0,0,0,0,0,1,0,0,0,0,0,0,0,0,0,0,0,0,0,0,1
242,InCoder-1B,96,Ae2 Meaningless code snippet,Bg1 Incorrect code block,48,10,62,0.0,1.0,1,,0.279961,,,,,,0,0,0,0,0,0,0,0,1,0,0,0,0,0,0,0,0,0,0,0,0,0,0,0,0,1,0
243,InCoder-1B,97,Ae3 Wrong (logical) direction,Bg1 Incorrect code block,45,1,26,0.988832,0.011168,0,,0.736564,,,,,,0,0,0,0,0,0,0,0,0,1,0,0,0,0,0,0,0,0,0,0,0,0,0,0,0,1,0
244,InCoder-1B,98,Aa2 Incorrect condition,Bb1 For error,28,5,41,0.898709,0.101291,0,,0.558241,,,,,,0,1,0,0,0,0,0,0,0,0,0,0,0,0,1,0,0,0,0,0,0,0,0,0,0,0,0
245,InCoder-1B,99,Ac1 Wrong method/variable,Bd1 Incorrect function name,83,16,110,1.0,0.0,0,,0.628671,,,,,,0,0,0,1,0,0,0,0,0,0,0,0,0,0,0,0,0,1,0,0,0,0,0,0,0,0,0
246,InCoder-1B,100,Ac1 Wrong method/variable,Bd2 Incorrect function arguments,84,1,25,1.0,0.0,0,,0.834526,,,,,,0,0,0,1,0,0,0,0,0,0,0,0,0,0,0,0,0,0,1,0,0,0,0,0,0,0,0
247,InCoder-1B,100,Af2 Missing multiple steps,Bg2 Missing code block,84,1,25,1.0,0.0,0,,0.834526,,,,,,0,0,0,0,0,0,0,0,0,0,0,1,0,0,0,0,0,0,0,0,0,0,0,0,0,0,1
248,InCoder-1B,101,Ab1 Constant value error,Bd2 Incorrect function arguments,59,10,60,0.531809,0.468191,0,,0.846457,,,,,,0,0,1,0,0,0,0,0,0,0,0,0,0,0,0,0,0,0,1,0,0,0,0,0,0,0,0
249,InCoder-1B,102,Ae3 Wrong (logical) direction,Bg1 Incorrect code block,49,7,47,0.743697,0.256303,0,,0.730747,,,,,,0,0,0,0,0,0,0,0,0,1,0,0,0,0,0,0,0,0,0,0,0,0,0,0,0,1,0
250,InCoder-1B,103,Ae3 Wrong (logical) direction,Bg1 Incorrect code block,69,6,61,1.0,0.0,0,,0.769044,,,,,,0,0,0,0,0,0,0,0,0,1,0,0,0,0,0,0,0,0,0,0,0,0,0,0,0,1,0
251,InCoder-1B,104,Aa2 Incorrect condition,Ba1 If error,47,5,54,0.994018,0.005982,0,,0.733183,,,,,,0,1,0,0,0,0,0,0,0,0,0,0,0,1,0,0,0,0,0,0,0,0,0,0,0,0,0
252,InCoder-1B,105,Ac1 Wrong method/variable,Bd1 Incorrect function name,133,19,66,0.998008,0.001992,0,,0.634704,,,,,,0,0,0,1,0,0,0,0,0,0,0,0,0,0,0,0,0,1,0,0,0,0,0,0,0,0,0
253,InCoder-1B,105,Af2 Missing multiple steps,Bg2 Missing code block,133,19,66,0.998008,0.001992,0,,0.634704,,,,,,0,0,0,0,0,0,0,0,0,0,0,1,0,0,0,0,0,0,0,0,0,0,0,0,0,0,1
254,InCoder-1B,106,Af2 Missing multiple steps,Bg2 Missing code block,83,11,95,0.990741,0.009259,0,,0.555117,,,,,,0,0,0,0,0,0,0,0,0,0,0,1,0,0,0,0,0,0,0,0,0,0,0,0,0,0,1
255,InCoder-1B,106,Ab1 Constant value error,Be4 Incorrect constant,83,11,95,0.990741,0.009259,0,,0.555117,,,,,,0,0,1,0,0,0,0,0,0,0,0,0,0,0,0,0,0,0,0,0,1,0,0,0,0,0,0
256,InCoder-1B,106,Aa2 Incorrect condition,Bb1 For error,83,11,95,0.990741,0.009259,0,,0.555117,,,,,,0,1,0,0,0,0,0,0,0,0,0,0,0,0,1,0,0,0,0,0,0,0,0,0,0,0,0
257,InCoder-1B,106,Ad1 Incorrect arithmetic operation,Be1 Incorrect arithmetic,83,11,95,0.990741,0.009259,0,,0.555117,,,,,,0,0,0,0,0,1,0,0,0,0,0,0,0,0,0,0,0,0,0,0,0,1,0,0,0,0,0
258,InCoder-1B,107,Ae2 Meaningless code snippet,Bg1 Incorrect code block,106,10,97,0.0,1.0,1,,0.372339,,,,,,0,0,0,0,0,0,0,0,1,0,0,0,0,0,0,0,0,0,0,0,0,0,0,0,0,1,0
259,InCoder-1B,108,Aa2 Incorrect condition,Ba1 If error,66,7,105,0.854167,0.145833,0,,0.503504,,,,,,0,1,0,0,0,0,0,0,0,0,0,0,0,1,0,0,0,0,0,0,0,0,0,0,0,0,0
260,InCoder-1B,108,Af2 Missing multiple steps,Bg2 Missing code block,66,7,105,0.854167,0.145833,0,,0.503504,,,,,,0,0,0,0,0,0,0,0,0,0,0,1,0,0,0,0,0,0,0,0,0,0,0,0,0,0,1
261,InCoder-1B,109,Ae1 Only comments,Bg2 Missing code block,185,11,98,1.0,0.0,0,,0.836351,,,,,,0,0,0,0,0,0,0,1,0,0,0,0,0,0,0,0,0,0,0,0,0,0,0,0,0,0,1
262,InCoder-1B,110,Ae3 Wrong (logical) direction,Bg1 Incorrect code block,114,11,64,0.565045,0.434955,0,,0.791546,,,,,,0,0,0,0,0,0,0,0,0,1,0,0,0,0,0,0,0,0,0,0,0,0,0,0,0,1,0
263,InCoder-1B,111,Af2 Missing multiple steps,Bg2 Missing code block,79,11,92,0.0,1.0,1,,0.505688,,,,,,0,0,0,0,0,0,0,0,0,0,0,1,0,0,0,0,0,0,0,0,0,0,0,0,0,0,1
264,InCoder-1B,112,Ae3 Wrong (logical) direction,Bg1 Incorrect code block,101,2,45,0.872763,0.127237,0,,0.642602,,,,,,0,0,0,0,0,0,0,0,0,1,0,0,0,0,0,0,0,0,0,0,0,0,0,0,0,1,0
265,InCoder-1B,113,Ac1 Wrong method/variable,Bd2 Incorrect function arguments,98,5,89,0.998986,0.001014,0,,0.701273,,,,,,0,0,0,1,0,0,0,0,0,0,0,0,0,0,0,0,0,0,1,0,0,0,0,0,0,0,0
266,InCoder-1B,113,Af1 Missing one step,Bg2 Missing code block,98,5,89,0.998986,0.001014,0,,0.701273,,,,,,0,0,0,0,0,0,0,0,0,0,1,0,0,0,0,0,0,0,0,0,0,0,0,0,0,0,1
267,InCoder-1B,114,Af2 Missing multiple steps,Bg2 Missing code block,34,11,79,0.897233,0.102767,0,,0.602043,,,,,,0,0,0,0,0,0,0,0,0,0,0,1,0,0,0,0,0,0,0,0,0,0,0,0,0,0,1
268,InCoder-1B,114,Aa2 Incorrect condition,Ba1 If error,34,11,79,0.897233,0.102767,0,,0.602043,,,,,,0,1,0,0,0,0,0,0,0,0,0,0,0,1,0,0,0,0,0,0,0,0,0,0,0,0,0
269,InCoder-1B,115,Ae2 Meaningless code snippet,Bg2 Missing code block,148,1,33,1.0,0.0,0,,0.799135,,,,,,0,0,0,0,0,0,0,0,1,0,0,0,0,0,0,0,0,0,0,0,0,0,0,0,0,0,1
270,InCoder-1B,116,Ae2 Meaningless code snippet,Bg2 Missing code block,79,1,32,1.0,0.0,0,,0.319959,,,,,,0,0,0,0,0,0,0,0,1,0,0,0,0,0,0,0,0,0,0,0,0,0,0,0,0,0,1
271,InCoder-1B,117,Aa1 Missing condition,Ba1 If error,105,9,78,0.33432,0.66568,0,,0.789404,,,,,,1,0,0,0,0,0,0,0,0,0,0,0,0,1,0,0,0,0,0,0,0,0,0,0,0,0,0
272,InCoder-1B,118,Ae2 Meaningless code snippet,Bg1 Incorrect code block,75,8,98,1.0,0.0,0,,0.280803,,,,,,0,0,0,0,0,0,0,0,1,0,0,0,0,0,0,0,0,0,0,0,0,0,0,0,0,1,0
273,InCoder-1B,119,Ae3 Wrong (logical) direction,Bg1 Incorrect code block,103,13,103,0.912121,0.087879,0,,0.732257,,,,,,0,0,0,0,0,0,0,0,0,1,0,0,0,0,0,0,0,0,0,0,0,0,0,0,0,1,0
274,InCoder-1B,120,Ae3 Wrong (logical) direction,Bg1 Incorrect code block,111,5,37,0.974283,0.025717,0,,0.725243,,,,,,0,0,0,0,0,0,0,0,0,1,0,0,0,0,0,0,0,0,0,0,0,0,0,0,0,1,0
275,InCoder-1B,121,Aa1 Missing condition,Ba1 If error,42,1,43,1.0,0.0,0,,0.804959,,,,,,1,0,0,0,0,0,0,0,0,0,0,0,0,1,0,0,0,0,0,0,0,0,0,0,0,0,0
276,InCoder-1B,122,Ae3 Wrong (logical) direction,Bg1 Incorrect code block,63,1,35,1.0,0.0,0,,0.668335,,,,,,0,0,0,0,0,0,0,0,0,1,0,0,0,0,0,0,0,0,0,0,0,0,0,0,0,1,0
277,InCoder-1B,123,Ae2 Meaningless code snippet,Bg1 Incorrect code block,142,12,87,1.0,0.0,0,,0.370851,,,,,,0,0,0,0,0,0,0,0,1,0,0,0,0,0,0,0,0,0,0,0,0,0,0,0,0,1,0
278,InCoder-1B,124,Af2 Missing multiple steps,Bg2 Missing code block,137,15,155,0.34965,0.65035,0,,0.632299,,,,,,0,0,0,0,0,0,0,0,0,0,0,1,0,0,0,0,0,0,0,0,0,0,0,0,0,0,1
279,InCoder-1B,124,Aa2 Incorrect condition,Ba1 If error,137,15,155,0.34965,0.65035,0,,0.632299,,,,,,0,1,0,0,0,0,0,0,0,0,0,0,0,1,0,0,0,0,0,0,0,0,0,0,0,0,0
280,InCoder-1B,125,Ae3 Wrong (logical) direction,Bg1 Incorrect code block,71,6,65,0.998768,0.001232,0,,0.660582,,,,,,0,0,0,0,0,0,0,0,0,1,0,0,0,0,0,0,0,0,0,0,0,0,0,0,0,1,0
281,InCoder-1B,126,Af2 Missing multiple steps,Bg2 Missing code block,99,9,96,0.025666,0.974334,0,,0.81526,,,,,,0,0,0,0,0,0,0,0,0,0,0,1,0,0,0,0,0,0,0,0,0,0,0,0,0,0,1
282,InCoder-1B,127,Ae3 Wrong (logical) direction,Bg1 Incorrect code block,143,15,114,1.0,0.0,0,,0.73194,,,,,,0,0,0,0,0,0,0,0,0,1,0,0,0,0,0,0,0,0,0,0,0,0,0,0,0,1,0
283,InCoder-1B,128,Ae3 Wrong (logical) direction,Bg1 Incorrect code block,63,3,66,0.999003,0.000997,0,,0.711315,,,,,,0,0,0,0,0,0,0,0,0,1,0,0,0,0,0,0,0,0,0,0,0,0,0,0,0,1,0
284,InCoder-1B,129,Ae2 Meaningless code snippet,Bg1 Incorrect code block,249,22,218,0.0,1.0,1,,0.336499,,,,,,0,0,0,0,0,0,0,0,1,0,0,0,0,0,0,0,0,0,0,0,0,0,0,0,0,1,0
285,InCoder-1B,130,Af2 Missing multiple steps,Bg2 Missing code block,126,9,97,0.984,0.016,0,,0.723615,,,,,,0,0,0,0,0,0,0,0,0,0,0,1,0,0,0,0,0,0,0,0,0,0,0,0,0,0,1
286,InCoder-1B,130,Ag1 Infinite Loop,Bg1 Incorrect code block,126,9,97,0.984,0.016,0,,0.723615,,,,,,0,0,0,0,0,0,0,0,0,0,0,0,1,0,0,0,0,0,0,0,0,0,0,0,0,1,0
287,InCoder-1B,131,Ac2 Undefined name,Bd1 Incorrect function name,33,11,64,1.0,0.0,0,,0.574439,,,,,,0,0,0,0,1,0,0,0,0,0,0,0,0,0,0,0,0,1,0,0,0,0,0,0,0,0,0
288,InCoder-1B,132,Ac2 Undefined name,Bf1 Import error,62,16,115,1.0,0.0,0,,0.596475,,,,,,0,0,0,0,1,0,0,0,0,0,0,0,0,0,0,0,0,0,0,0,0,0,0,0,1,0,0
289,InCoder-1B,133,Ae1 Only comments,Bg2 Missing code block,80,5,34,1.0,0.0,0,,0.843352,,,,,,0,0,0,0,0,0,0,1,0,0,0,0,0,0,0,0,0,0,0,0,0,0,0,0,0,0,1
290,InCoder-1B,134,Af2 Missing multiple steps,Bg2 Missing code block,62,2,47,0.0,1.0,1,,0.668115,,,,,,0,0,0,0,0,0,0,0,0,0,0,1,0,0,0,0,0,0,0,0,0,0,0,0,0,0,1
291,InCoder-1B,135,Af2 Missing multiple steps,Bg2 Missing code block,50,7,57,0.0,1.0,1,,0.743848,,,,,,0,0,0,0,0,0,0,0,0,0,0,1,0,0,0,0,0,0,0,0,0,0,0,0,0,0,1
292,InCoder-1B,136,Ae3 Wrong (logical) direction,Bg1 Incorrect code block,62,3,65,1.0,0.0,0,,0.692737,,,,,,0,0,0,0,0,0,0,0,0,1,0,0,0,0,0,0,0,0,0,0,0,0,0,0,0,1,0
293,InCoder-1B,137,Ac2 Undefined name,Bf1 Import error,68,5,89,0.0,1.0,1,,0.536077,,,,,,0,0,0,0,1,0,0,0,0,0,0,0,0,0,0,0,0,0,0,0,0,0,0,0,1,0,0
294,InCoder-1B,138,Ab1 Constant value error,Be4 Incorrect constant,31,1,22,0.033058,0.966942,0,,0.960133,,,,,,0,0,1,0,0,0,0,0,0,0,0,0,0,0,0,0,0,0,0,0,1,0,0,0,0,0,0
295,InCoder-1B,139,Ad1 Incorrect arithmetic operation,Bg2 Missing code block,46,6,41,0.977099,0.022901,0,,0.670433,,,,,,0,0,0,0,0,1,0,0,0,0,0,0,0,0,0,0,0,0,0,0,0,0,0,0,0,0,1
296,InCoder-1B,140,Ac2 Undefined name,Bf1 Import error,49,20,171,1.0,0.0,0,,0.651158,,,,,,0,0,0,0,1,0,0,0,0,0,0,0,0,0,0,0,0,0,0,0,0,0,0,0,1,0,0
297,InCoder-1B,140,Ac1 Wrong method/variable,Bd2 Incorrect function arguments,49,20,171,1.0,0.0,0,,0.651158,,,,,,0,0,0,1,0,0,0,0,0,0,0,0,0,0,0,0,0,0,1,0,0,0,0,0,0,0,0
298,InCoder-1B,141,Ac2 Undefined name,Bf1 Import error,124,14,111,1.0,0.0,0,,0.642419,,,,,,0,0,0,0,1,0,0,0,0,0,0,0,0,0,0,0,0,0,0,0,0,0,0,0,1,0,0
299,InCoder-1B,141,Af2 Missing multiple steps,Bg2 Missing code block,124,14,111,1.0,0.0,0,,0.642419,,,,,,0,0,0,0,0,0,0,0,0,0,0,1,0,0,0,0,0,0,0,0,0,0,0,0,0,0,1
300,InCoder-1B,142,Ae1 Only comments,Bg2 Missing code block,111,9,98,1.0,0.0,0,,0.708508,,,,,,0,0,0,0,0,0,0,1,0,0,0,0,0,0,0,0,0,0,0,0,0,0,0,0,0,0,1
301,InCoder-1B,144,Ae3 Wrong (logical) direction,Bg1 Incorrect code block,89,7,85,1.0,0.0,0,,0.746946,,,,,,0,0,0,0,0,0,0,0,0,1,0,0,0,0,0,0,0,0,0,0,0,0,0,0,0,1,0
302,InCoder-1B,145,Af2 Missing multiple steps,Bg2 Missing code block,63,7,85,0.999006,0.000994,0,,0.546055,,,,,,0,0,0,0,0,0,0,0,0,0,0,1,0,0,0,0,0,0,0,0,0,0,0,0,0,0,1
303,InCoder-1B,146,Af1 Missing one step,Bg2 Missing code block,60,8,76,0.843216,0.156784,0,,0.657228,,,,,,0,0,0,0,0,0,0,0,0,0,1,0,0,0,0,0,0,0,0,0,0,0,0,0,0,0,1
304,InCoder-1B,146,Aa2 Incorrect condition,Ba1 If error,60,8,76,0.843216,0.156784,0,,0.657228,,,,,,0,1,0,0,0,0,0,0,0,0,0,0,0,1,0,0,0,0,0,0,0,0,0,0,0,0,0
305,InCoder-1B,147,Ae3 Wrong (logical) direction,Bg1 Incorrect code block,93,8,135,0.957983,0.042017,0,,0.679194,,,,,,0,0,0,0,0,0,0,0,0,1,0,0,0,0,0,0,0,0,0,0,0,0,0,0,0,1,0
306,InCoder-1B,148,Ae2 Meaningless code snippet,Bg1 Incorrect code block,109,9,97,1.0,0.0,0,,0.664983,,,,,,0,0,0,0,0,0,0,0,1,0,0,0,0,0,0,0,0,0,0,0,0,0,0,0,0,1,0
307,InCoder-1B,149,Aa2 Incorrect condition,Ba1 If error,124,6,51,0.993915,0.006085,0,,0.61183,,,,,,0,1,0,0,0,0,0,0,0,0,0,0,0,1,0,0,0,0,0,0,0,0,0,0,0,0,0
308,InCoder-1B,150,Aa2 Incorrect condition,Ba1 If error,42,8,43,0.552579,0.447421,0,,0.568915,,,,,,0,1,0,0,0,0,0,0,0,0,0,0,0,1,0,0,0,0,0,0,0,0,0,0,0,0,0
309,InCoder-1B,151,Aa2 Incorrect condition,Ba1 If error,65,1,44,0.941352,0.058648,0,,0.778164,,,,,,0,1,0,0,0,0,0,0,0,0,0,0,0,1,0,0,0,0,0,0,0,0,0,0,0,0,0
310,InCoder-1B,152,Ae1 Only comments,Bg2 Missing code block,116,1,32,1.0,0.0,0,,0.895279,,,,,,0,0,0,0,0,0,0,1,0,0,0,0,0,0,0,0,0,0,0,0,0,0,0,0,0,0,1
311,InCoder-1B,153,Ae2 Meaningless code snippet,Bg1 Incorrect code block,155,9,160,0.0,1.0,1,,0.318946,,,,,,0,0,0,0,0,0,0,0,1,0,0,0,0,0,0,0,0,0,0,0,0,0,0,0,0,1,0
312,InCoder-1B,154,Ae1 Only comments,Bg2 Missing code block,49,7,86,1.0,0.0,0,,0.66248,,,,,,0,0,0,0,0,0,0,1,0,0,0,0,0,0,0,0,0,0,0,0,0,0,0,0,0,0,1
313,InCoder-1B,155,Ab1 Constant value error,Be4 Incorrect constant,28,8,54,0.976654,0.023346,0,,0.68535,,,,,,0,0,1,0,0,0,0,0,0,0,0,0,0,0,0,0,0,0,0,0,1,0,0,0,0,0,0
314,InCoder-1B,155,Aa2 Incorrect condition,Bb2 While error,28,8,54,0.976654,0.023346,0,,0.68535,,,,,,0,1,0,0,0,0,0,0,0,0,0,0,0,0,0,1,0,0,0,0,0,0,0,0,0,0,0
315,InCoder-1B,155,Ad4 Incorrect comparison operation,Be1 Incorrect arithmetic,28,8,54,0.976654,0.023346,0,,0.68535,,,,,,0,0,0,0,0,0,1,0,0,0,0,0,0,0,0,0,0,0,0,0,0,1,0,0,0,0,0
316,InCoder-1B,156,Ae3 Wrong (logical) direction,Bg1 Incorrect code block,40,14,105,1.0,0.0,0,,0.259719,,,,,,0,0,0,0,0,0,0,0,0,1,0,0,0,0,0,0,0,0,0,0,0,0,0,0,0,1,0
317,InCoder-1B,156,Ac2 Undefined name,Bd1 Incorrect function name,40,14,105,1.0,0.0,0,,0.259719,,,,,,0,0,0,0,1,0,0,0,0,0,0,0,0,0,0,0,0,1,0,0,0,0,0,0,0,0,0
318,InCoder-1B,157,Ae3 Wrong (logical) direction,Bg1 Incorrect code block,55,1,77,0.182987,0.817013,0,,0.647756,,,,,,0,0,0,0,0,0,0,0,0,1,0,0,0,0,0,0,0,0,0,0,0,0,0,0,0,1,0
319,InCoder-1B,158,Ac1 Wrong method/variable,Bd1 Incorrect function name,59,1,33,1.0,0.0,0,,0.760538,,,,,,0,0,0,1,0,0,0,0,0,0,0,0,0,0,0,0,0,1,0,0,0,0,0,0,0,0,0
320,InCoder-1B,159,Ae1 Only comments,Bg1 Incorrect code block,162,4,40,1.0,0.0,0,,0.894839,,,,,,0,0,0,0,0,0,0,1,0,0,0,0,0,0,0,0,0,0,0,0,0,0,0,0,0,1,0
321,InCoder-1B,160,Ae2 Meaningless code snippet,Bg1 Incorrect code block,131,4,55,1.0,0.0,0,,0.18905,,,,,,0,0,0,0,0,0,0,0,1,0,0,0,0,0,0,0,0,0,0,0,0,0,0,0,0,1,0
322,InCoder-1B,161,Af2 Missing multiple steps,Bg2 Missing code block,56,14,92,0.590313,0.409687,0,,0.764671,,,,,,0,0,0,0,0,0,0,0,0,0,0,1,0,0,0,0,0,0,0,0,0,0,0,0,0,0,1
323,InCoder-1B,162,Af1 Missing one step,Bg2 Missing code block,27,2,27,1.0,0.0,0,,0.669153,,,,,,0,0,0,0,0,0,0,0,0,0,1,0,0,0,0,0,0,0,0,0,0,0,0,0,0,0,1
324,InCoder-1B,162,Ac2 Undefined name,Bf1 Import error,27,2,27,1.0,0.0,0,,0.669153,,,,,,0,0,0,0,1,0,0,0,0,0,0,0,0,0,0,0,0,0,0,0,0,0,0,0,1,0,0
325,InCoder-1B,163,Ae3 Wrong (logical) direction,Bg1 Incorrect code block,43,3,60,0.992901,0.007099,0,,0.712497,,,,,,0,0,0,0,0,0,0,0,0,1,0,0,0,0,0,0,0,0,0,0,0,0,0,0,0,1,0
