Error ID,Model,Task ID,Semantic Characteristics,Syntactic Characteristics,prompt_len,LOC,ast_nodes,pass_rate,run_err_rate,syn_err,gold_sim_CB,gold_sim_B,mut_sim_CB,mut_sim_B,timeout_rate,black_count,semgrep_count,invalid-name,singleton-comparison,unnecessary-lambda-assignment,non-ascii-name,disallowed-name,too-many-arguments,too-many-nested-blocks,too-many-boolean-expressions,consider-merging-isinstance,chained-comparison,broad-exception-caught,broad-exception-raised,unnecessary-lambda,Aa1,Aa2,Ab1,Ac1,Ac2,Ad1,Ad4,Ae1,Ae2,Ae3,Af1,Af2,Ag1,Ba1,Bb1,Bb2,Bc2,Bd1,Bd2,Bd3,Be4,Be1,Be5,Be6,Bf1,Bg1,Bg2
1,CodeGen-16B,1,Ae1 Only comments,Bg2 Missing code block,74,14,100,1.0,0.0,0,0.230853,0.277103,0.275359,0.283734,0.0,2.0,,0,0,0,0,0,0,0,0,0,0,0,0,0,0,0,0,0,0,0,0,1,0,0,0,0,0,0,0,0,0,0,0,0,0,0,0,0,0,0,1
2,CodeGen-16B,3,Af2 Missing multiple steps,Bg2 Missing code block,69,6,41,0.245304,0.754696,0,0.582447,0.830163,0.489569,0.587115,0.0,2.0,,0,0,0,0,0,0,0,0,0,0,0,0,0,0,0,0,0,0,0,0,0,0,0,0,1,0,0,0,0,0,0,0,0,0,0,0,0,0,0,1
3,CodeGen-16B,5,Ae3 Wrong (logical) direction,Bg1 Incorrect code block,40,8,79,0.987179,0.012821,0,0.612716,0.766826,0.579139,0.734637,0.0,1.0,,0,0,0,0,0,0,0,0,0,0,0,0,0,0,0,0,0,0,0,0,0,0,1,0,0,0,0,0,0,0,0,0,0,0,0,0,0,0,1,0
4,CodeGen-16B,6,Ae1 Only comments,Bg2 Missing code block,61,11,79,1.0,0.0,0,0.185521,0.215576,0.230097,0.218457,0.0,2.0,,0,0,0,0,0,0,0,0,0,0,0,0,0,0,0,0,0,0,0,0,1,0,0,0,0,0,0,0,0,0,0,0,0,0,0,0,0,0,0,1
5,CodeGen-16B,10,Ac2 Undefined name,Bd1 Incorrect function name,79,6,79,0.932484,0.067516,0,0.631793,0.844572,0.601693,0.754162,0.0,2.0,,0,0,0,0,0,0,0,0,0,0,0,0,0,0,0,0,0,1,0,0,0,0,0,0,0,0,0,0,0,0,1,0,0,0,0,0,0,0,0,0
6,CodeGen-16B,17,Aa2 Incorrect condition,Bb1 For error,95,2,45,0.995455,0.004545,0,0.539024,0.705995,0.537022,0.64607,0.0,2.0,,0,0,0,0,0,0,0,0,0,0,0,0,0,0,1,0,0,0,0,0,0,0,0,0,0,0,0,1,0,0,0,0,0,0,0,0,0,0,0,0
7,CodeGen-16B,17,Af1 Missing one step,Bg2 Missing code block,95,2,45,0.995455,0.004545,0,0.539024,0.705995,0.537022,0.64607,0.0,2.0,,0,0,0,0,0,0,0,0,0,0,0,0,0,0,0,0,0,0,0,0,0,0,0,1,0,0,0,0,0,0,0,0,0,0,0,0,0,0,0,1
8,CodeGen-16B,19,Ae3 Wrong (logical) direction,Bg1 Incorrect code block,53,13,68,0.984962,0.015038,0,0.425301,0.524943,0.541423,0.711402,0.0,1.0,,0,0,0,0,0,0,0,0,0,0,0,0,0,0,0,0,0,0,0,0,0,0,1,0,0,0,0,0,0,0,0,0,0,0,0,0,0,0,1,0
9,CodeGen-16B,20,Ae3 Wrong (logical) direction,Bg1 Incorrect code block,62,14,139,0.991045,0.008955,0,0.552262,0.756675,0.523859,0.673404,0.0,1.0,,0,0,0,0,0,0,0,0,0,0,0,0,0,0,0,0,0,0,0,0,0,0,1,0,0,0,0,0,0,0,0,0,0,0,0,0,0,0,1,0
11,CodeGen-16B,24,Aa2 Incorrect condition,Bb2 While error,26,3,34,0.797688,0.202312,0,0.512616,0.666664,0.558214,0.729036,0.0,1.0,,1,0,0,0,0,0,0,0,0,0,0,0,0,0,1,0,0,0,0,0,0,0,0,0,0,0,0,0,1,0,0,0,0,0,0,0,0,0,0,0
12,CodeGen-16B,24,Af1 Missing one step,Bg2 Missing code block,26,3,34,0.797688,0.202312,0,0.512616,0.666664,0.558214,0.729036,0.0,1.0,,1,0,0,0,0,0,0,0,0,0,0,0,0,0,0,0,0,0,0,0,0,0,0,1,0,0,0,0,0,0,0,0,0,0,0,0,0,0,0,1
13,CodeGen-16B,26,Af2 Missing multiple steps,Bg2 Missing code block,44,3,50,0.983815,0.016185,0,0.449935,0.597686,0.495753,0.598867,0.0,1.0,,0,0,0,0,0,0,0,0,0,0,0,0,0,0,0,0,0,0,0,0,0,0,0,0,1,0,0,0,0,0,0,0,0,0,0,0,0,0,0,1
17,CodeGen-16B,32,Ae2 Meaningless code snippet,Bg1 Incorrect code block,131,11,148,0.0,1.0,1,0.201956,0.392687,0.209813,0.39384,0.0,0.0,,0,0,0,0,0,0,0,0,0,0,0,0,0,0,0,0,0,0,0,0,0,1,0,0,0,0,0,0,0,0,0,0,0,0,0,0,0,0,1,0
18,CodeGen-16B,33,Ae1 Only comments,Bg2 Missing code block,77,3,35,1.0,0.0,0,0.206949,0.256369,0.196031,0.225696,0.0,1.0,,1,0,0,0,0,0,0,0,0,0,0,0,0,0,0,0,0,0,0,0,1,0,0,0,0,0,0,0,0,0,0,0,0,0,0,0,0,0,0,1
19,CodeGen-16B,36,Aa2 Incorrect condition,Ba1 If error,34,9,86,0.551282,0.448718,0,0.584151,0.760805,0.601483,0.779186,0.0,1.0,,1,0,0,0,0,0,0,0,0,0,0,0,0,0,1,0,0,0,0,0,0,0,0,0,0,0,1,0,0,0,0,0,0,0,0,0,0,0,0,0
20,CodeGen-16B,37,Ac1 Wrong method/variable,Bd1 Incorrect function name,62,9,93,0.96827,0.03173,0,0.607665,0.767287,0.567356,0.740868,0.0,1.0,,1,0,0,0,0,0,0,0,0,0,0,0,0,0,0,0,1,0,0,0,0,0,0,0,0,0,0,0,0,0,1,0,0,0,0,0,0,0,0,0
21,CodeGen-16B,38,Ac1 Wrong method/variable,Be5 Incorrect variable name,87,1,111,0.987261,0.012739,0,0.683073,0.870305,0.552406,0.722718,0.0,1.0,,2,0,0,0,0,0,0,0,0,0,0,0,0,0,0,0,1,0,0,0,0,0,0,0,0,0,0,0,0,0,0,0,0,0,0,1,0,0,0,0
22,CodeGen-16B,39,Ac2 Undefined name,Bd1 Incorrect function name,33,15,124,1.0,0.0,0,0.335311,0.111947,0.366987,0.35033,0.0,1.0,,1,0,0,0,0,0,0,0,0,0,0,0,0,0,0,0,0,1,0,0,0,0,0,0,0,0,0,0,0,0,1,0,0,0,0,0,0,0,0,0
23,CodeGen-16B,40,Aa2 Incorrect condition,Ba1 If error,62,6,81,0.663968,0.336032,0,0.534422,0.704053,0.52202,0.68627,0.0,1.0,,1,0,0,0,0,0,0,0,0,0,0,0,0,0,1,0,0,0,0,0,0,0,0,0,0,0,1,0,0,0,0,0,0,0,0,0,0,0,0,0
24,CodeGen-16B,41,Ad1 Incorrect arithmetic operation,Be1 Incorrect arithmetic,107,1,14,1.0,0.0,0,0.610242,0.899561,0.482769,0.532722,0.0,1.0,,1,0,0,0,0,0,0,0,0,0,0,0,0,0,0,0,0,0,1,0,0,0,0,0,0,0,0,0,0,0,0,0,0,0,1,0,0,0,0,0
25,CodeGen-16B,44,Af2 Missing multiple steps,Bg2 Missing code block,39,5,46,0.721757,0.278243,0,0.442322,0.609866,0.427743,0.563816,0.0,1.0,,1,0,0,0,0,0,0,0,0,0,0,0,0,0,0,0,0,0,0,0,0,0,0,0,1,0,0,0,0,0,0,0,0,0,0,0,0,0,0,1
27,CodeGen-16B,49,Ad1 Incorrect arithmetic operation,Bg1 Incorrect code block,34,4,38,0.835354,0.164646,0,0.500323,0.69826,0.53911,0.694375,0.0,1.0,,2,0,0,0,0,0,0,0,0,0,0,0,0,0,0,0,0,0,1,0,0,0,0,0,0,0,0,0,0,0,0,0,0,0,0,0,0,0,1,0
28,CodeGen-16B,51,Ab1 Constant value error,Be4 Incorrect constant,34,1,33,0.366534,0.633466,0,0.534051,0.8265,0.602532,0.887729,0.0,1.0,,0,0,0,0,0,0,0,0,0,0,0,0,0,0,0,1,0,0,0,0,0,0,0,0,0,0,0,0,0,0,0,0,0,1,0,0,0,0,0,0
29,CodeGen-16B,54,Ae3 Wrong (logical) direction,Bc2 Incorrect return value,39,1,24,0.234592,0.765408,0,0.657114,0.874218,0.632254,0.861518,0.0,1.0,,2,0,0,0,0,0,0,0,0,0,0,0,0,0,0,0,0,0,0,0,0,0,1,0,0,0,0,0,0,1,0,0,0,0,0,0,0,0,0,0
33,CodeGen-16B,64,Ab1 Constant value error,Be4 Incorrect constant,68,5,63,0.760761,0.239239,0,0.550846,0.779813,0.56674,0.743413,0.0,2.0,,1,0,0,0,0,0,0,0,0,0,0,0,0,0,0,1,0,0,0,0,0,0,0,0,0,0,0,0,0,0,0,0,0,1,0,0,0,0,0,0
34,CodeGen-16B,64,Aa2 Incorrect condition,Ba1 If error,68,5,63,0.760761,0.239239,0,0.550846,0.779813,0.56674,0.743413,0.0,2.0,,1,0,0,0,0,0,0,0,0,0,0,0,0,0,1,0,0,0,0,0,0,0,0,0,0,0,1,0,0,0,0,0,0,0,0,0,0,0,0,0
35,CodeGen-16B,65,Aa2 Incorrect condition,Ba1 If error,42,5,65,0.010132,0.989868,0,0.624373,0.774599,0.524006,0.658076,0.0,1.0,,2,0,0,0,0,0,0,0,0,0,0,0,0,0,1,0,0,0,0,0,0,0,0,0,0,0,1,0,0,0,0,0,0,0,0,0,0,0,0,0
36,CodeGen-16B,67,Ab1 Constant value error,Be4 Incorrect constant,129,5,49,1.0,0.0,0,0.578413,0.856693,0.521913,0.664776,0.0,1.0,,2,0,0,0,0,0,0,0,0,0,0,0,0,0,0,1,0,0,0,0,0,0,0,0,0,0,0,0,0,0,0,0,0,1,0,0,0,0,0,0
37,CodeGen-16B,69,Af2 Missing multiple steps,Bg2 Missing code block,87,8,73,0.645854,0.354146,0,0.52312,0.751287,0.523059,0.731775,0.0,1.0,,0,0,0,0,0,0,0,0,0,0,0,0,0,0,0,0,0,0,0,0,0,0,0,0,1,0,0,0,0,0,0,0,0,0,0,0,0,0,0,1
38,CodeGen-16B,70,Ad1 Incorrect arithmetic operation,Be1 Incorrect arithmetic,56,6,63,0.996951,0.003049,0,0.472128,0.635985,0.523332,0.748024,0.0,1.0,,0,0,0,0,0,0,0,0,0,0,0,0,0,0,0,0,0,0,1,0,0,0,0,0,0,0,0,0,0,0,0,0,0,0,1,0,0,0,0,0
39,CodeGen-16B,70,Ac1 Wrong method/variable,Bd2 Incorrect function arguments,56,6,63,0.996951,0.003049,0,0.472128,0.635985,0.523332,0.748024,0.0,1.0,,0,0,0,0,0,0,0,0,0,0,0,0,0,0,0,0,1,0,0,0,0,0,0,0,0,0,0,0,0,0,0,1,0,0,0,0,0,0,0,0
40,CodeGen-16B,71,Af1 Missing one step,Bg2 Missing code block,68,6,105,0.411298,0.588702,0,0.583019,0.748464,0.610773,0.756846,0.0,1.0,,4,0,0,0,0,0,0,0,0,0,0,0,0,0,0,0,0,0,0,0,0,0,0,1,0,0,0,0,0,0,0,0,0,0,0,0,0,0,0,1
41,CodeGen-16B,72,Ac2 Undefined name,Bd1 Incorrect function name,118,9,73,1.0,0.0,0,0.617632,0.922926,0.541353,0.702521,0.0,1.0,,2,0,0,0,0,0,0,0,0,0,0,0,0,0,0,0,0,1,0,0,0,0,0,0,0,0,0,0,0,0,1,0,0,0,0,0,0,0,0,0
42,CodeGen-16B,73,Ae2 Meaningless code snippet,Bg2 Missing code block,73,5,57,1.0,0.0,0,0.429409,0.719962,0.455087,0.640806,0.0,1.0,,0,0,0,0,0,0,0,0,0,0,0,0,0,0,0,0,0,0,0,0,0,1,0,0,0,0,0,0,0,0,0,0,0,0,0,0,0,0,0,1
43,CodeGen-16B,74,Aa2 Incorrect condition,Ba1 If error,88,10,56,0.040568,0.959432,0,0.554049,0.855954,0.536876,0.720895,0.0,1.0,,0,0,0,0,0,0,0,0,0,0,0,0,0,0,1,0,0,0,0,0,0,0,0,0,0,0,1,0,0,0,0,0,0,0,0,0,0,0,0,0
44,CodeGen-16B,75,Ae3 Wrong (logical) direction,Bg1 Incorrect code block,41,13,102,0.569536,0.430464,0,0.462026,0.325378,0.500718,0.611011,0.0,1.0,,1,0,0,0,0,0,0,0,0,0,0,0,0,0,0,0,0,0,0,0,0,0,1,0,0,0,0,0,0,0,0,0,0,0,0,0,0,0,1,0
45,CodeGen-16B,76,Ae3 Wrong (logical) direction,Bg1 Incorrect code block,64,6,46,0.306505,0.693495,0,0.495316,0.557364,0.605652,0.861023,0.18,1.0,,2,0,0,0,0,0,0,0,0,0,0,0,0,0,0,0,0,0,0,0,0,0,1,0,0,0,0,0,0,0,0,0,0,0,0,0,0,0,1,0
46,CodeGen-16B,77,Ad1 Incorrect arithmetic operation,Be1 Incorrect arithmetic,53,2,36,0.485549,0.514451,0,0.581306,0.815411,0.570396,0.786968,0.0,1.0,,1,0,0,0,0,0,0,0,0,0,0,0,0,0,0,0,0,0,1,0,0,0,0,0,0,0,0,0,0,0,0,0,0,0,1,0,0,0,0,0
47,CodeGen-16B,77,Af2 Missing multiple steps,Bg2 Missing code block,53,2,36,0.485549,0.514451,0,0.581306,0.815411,0.570396,0.786968,0.0,1.0,,1,0,0,0,0,0,0,0,0,0,0,0,0,0,0,0,0,0,0,0,0,0,0,0,1,0,0,0,0,0,0,0,0,0,0,0,0,0,0,1
48,CodeGen-16B,78,Ae2 Meaningless code snippet,Bg2 Missing code block,165,6,52,0.95459,0.04541,0,0.515476,0.924613,0.360708,0.57789,0.0,1.0,,0,0,0,0,0,0,0,0,0,0,0,0,0,0,0,0,0,0,0,0,0,1,0,0,0,0,0,0,0,0,0,0,0,0,0,0,0,0,0,1
49,CodeGen-16B,80,Ae3 Wrong (logical) direction,Bg1 Incorrect code block,59,6,92,0.079031,0.920969,0,0.542764,0.671682,0.55337,0.706121,0.0,1.0,,1,0,0,0,0,0,0,0,0,0,0,0,0,0,0,0,0,0,0,0,0,0,1,0,0,0,0,0,0,0,0,0,0,0,0,0,0,0,1,0
50,CodeGen-16B,81,Ae2 Meaningless code snippet,Bg2 Missing code block,127,29,182,1.0,0.0,0,0.369238,0.463024,0.36267,0.470106,0.0,1.0,,0,0,0,0,0,0,0,0,0,0,0,0,0,0,0,0,0,0,0,0,0,1,0,0,0,0,0,0,0,0,0,0,0,0,0,0,0,0,0,1
51,CodeGen-16B,82,Ab1 Constant value error,Bc2 Incorrect return value,37,7,52,0.017382,0.982618,0,0.419175,0.575397,0.485221,0.617021,0.0,1.0,,0,0,0,0,0,0,0,0,0,0,0,0,0,0,0,1,0,0,0,0,0,0,0,0,0,0,0,0,0,1,0,0,0,0,0,0,0,0,0,0
52,CodeGen-16B,82,Aa2 Incorrect condition,Bb1 For error,37,7,52,0.017382,0.982618,0,0.419175,0.575397,0.485221,0.617021,0.0,1.0,,0,0,0,0,0,0,0,0,0,0,0,0,0,0,1,0,0,0,0,0,0,0,0,0,0,0,0,1,0,0,0,0,0,0,0,0,0,0,0,0
53,CodeGen-16B,83,Ac2 Undefined name,Bd1 Incorrect function name,25,2,26,0.990826,0.009174,0,0.571434,0.806639,0.464624,0.581058,0.0,1.0,,1,0,0,0,0,0,0,0,0,0,0,0,0,0,0,0,0,1,0,0,0,0,0,0,0,0,0,0,0,0,1,0,0,0,0,0,0,0,0,0
54,CodeGen-16B,84,Ac1 Wrong method/variable,Bd2 Incorrect function arguments,81,1,31,0.958333,0.041667,0,0.567371,0.822114,0.630585,0.816599,0.0,1.0,,1,0,0,0,0,0,0,0,0,0,0,0,0,0,0,0,1,0,0,0,0,0,0,0,0,0,0,0,0,0,0,1,0,0,0,0,0,0,0,0
55,CodeGen-16B,85,Af1 Missing one step,Bg2 Missing code block,26,1,42,0.911824,0.088176,0,0.589526,0.736294,0.569367,0.75569,0.0,1.0,,0,0,0,0,0,0,0,0,0,0,0,0,0,0,0,0,0,0,0,0,0,0,0,1,0,0,0,0,0,0,0,0,0,0,0,0,0,0,0,1
56,CodeGen-16B,86,Af2 Missing multiple steps,Bg2 Missing code block,76,1,33,0.917577,0.082423,0,0.583814,0.818517,0.448672,0.54429,0.0,1.0,,1,0,0,0,0,0,0,0,0,0,0,0,0,0,0,0,0,0,0,0,0,0,0,0,1,0,0,0,0,0,0,0,0,0,0,0,0,0,0,1
57,CodeGen-16B,86,Ac1 Wrong method/variable,Bd1 Incorrect function name,76,1,33,0.917577,0.082423,0,0.583814,0.818517,0.448672,0.54429,0.0,1.0,,1,0,0,0,0,0,0,0,0,0,0,0,0,0,0,0,1,0,0,0,0,0,0,0,0,0,0,0,0,0,1,0,0,0,0,0,0,0,0,0
58,CodeGen-16B,88,Ae3 Wrong (logical) direction,Bg1 Incorrect code block,102,1,44,0.512413,0.487587,0,0.530172,0.775836,0.492345,0.636866,0.0,1.0,,0,0,0,0,0,0,0,0,0,0,0,0,0,0,0,0,0,0,0,0,0,0,1,0,0,0,0,0,0,0,0,0,0,0,0,0,0,0,1,0
59,CodeGen-16B,89,Ae2 Meaningless code snippet,Bg1 Incorrect code block,58,8,59,1.0,0.0,0,0.236998,0.267747,0.258731,0.266867,0.0,2.0,,1,0,0,0,0,0,0,0,0,0,0,0,0,0,0,0,0,0,0,0,0,1,0,0,0,0,0,0,0,0,0,0,0,0,0,0,0,0,1,0
60,CodeGen-16B,90,Af2 Missing multiple steps,Bg2 Missing code block,53,2,33,0.147165,0.852835,0,0.563373,0.812915,0.609306,0.838376,0.0,1.0,,0,0,0,0,0,0,0,0,0,0,0,0,0,0,0,0,0,0,0,0,0,0,0,0,1,0,0,0,0,0,0,0,0,0,0,0,0,0,0,1
61,CodeGen-16B,91,Aa2 Incorrect condition,Bb1 For error,60,3,39,0.332008,0.667992,0,0.478297,0.595622,0.598499,0.79831,0.0,1.0,,1,0,0,0,0,0,0,0,0,0,0,0,0,0,1,0,0,0,0,0,0,0,0,0,0,0,0,1,0,0,0,0,0,0,0,0,0,0,0,0
62,CodeGen-16B,91,Ab1 Constant value error,Ba1 If error,60,3,39,0.332008,0.667992,0,0.478297,0.595622,0.598499,0.79831,0.0,1.0,,1,0,0,0,0,0,0,0,0,0,0,0,0,0,0,1,0,0,0,0,0,0,0,0,0,0,1,0,0,0,0,0,0,0,0,0,0,0,0,0
63,CodeGen-16B,92,Af1 Missing one step,Bg2 Missing code block,61,5,71,0.00198,0.99802,0,0.606567,0.795792,0.597202,0.761558,0.0,1.0,,3,0,0,0,0,0,0,0,0,0,0,0,0,0,0,0,0,0,0,0,0,0,0,1,0,0,0,0,0,0,0,0,0,0,0,0,0,0,0,1
64,CodeGen-16B,93,Ae2 Meaningless code snippet,Bg2 Missing code block,61,4,71,1.0,0.0,0,0.313278,0.257958,0.331348,0.273049,0.0,1.0,,0,0,0,0,0,0,0,0,0,0,0,0,0,0,0,0,0,0,0,0,0,1,0,0,0,0,0,0,0,0,0,0,0,0,0,0,0,0,0,1
65,CodeGen-16B,94,Ae2 Meaningless code snippet,Bg1 Incorrect code block,80,13,118,0.0,1.0,1,0.193652,0.367757,0.156501,0.287647,0.0,0.0,,0,0,0,0,0,0,0,0,0,0,0,0,0,0,0,0,0,0,0,0,0,1,0,0,0,0,0,0,0,0,0,0,0,0,0,0,0,0,1,0
66,CodeGen-16B,95,Af2 Missing multiple steps,Bg2 Missing code block,69,21,125,0.332061,0.667939,0,0.420702,0.773054,0.572212,0.780424,0.0,2.0,,0,2,0,0,0,0,0,0,0,0,0,0,0,0,0,0,0,0,0,0,0,0,0,0,1,0,0,0,0,0,0,0,0,0,0,0,0,0,0,1
67,CodeGen-16B,96,Ae2 Meaningless code snippet,Bg2 Missing code block,48,10,62,1.0,0.0,0,0.414054,0.635142,0.44378,0.570439,0.0,1.0,,1,0,0,0,0,0,0,0,0,0,0,0,0,0,0,0,0,0,0,0,0,1,0,0,0,0,0,0,0,0,0,0,0,0,0,0,0,0,0,1
68,CodeGen-16B,97,Af2 Missing multiple steps,Bg2 Missing code block,45,1,26,0.939086,0.060914,0,0.552777,0.766663,0.547741,0.769051,0.0,1.0,,2,0,0,0,0,0,0,0,0,0,0,0,0,0,0,0,0,0,0,0,0,0,0,0,1,0,0,0,0,0,0,0,0,0,0,0,0,0,0,1
69,CodeGen-16B,98,Ac1 Wrong method/variable,Bd1 Incorrect function name,28,5,41,0.830189,0.169811,0,0.574603,0.727458,0.553704,0.66232,0.0,1.0,,1,0,0,0,0,0,0,0,0,0,0,0,0,0,0,0,1,0,0,0,0,0,0,0,0,0,0,0,0,0,1,0,0,0,0,0,0,0,0,0
70,CodeGen-16B,99,Ae3 Wrong (logical) direction,Bg1 Incorrect code block,83,16,110,0.797203,0.202797,0,0.524455,0.693466,0.548024,0.810751,0.0,2.0,,0,0,0,0,0,0,0,0,0,0,0,0,0,0,0,0,0,0,0,0,0,0,1,0,0,0,0,0,0,0,0,0,0,0,0,0,0,0,1,0
71,CodeGen-16B,100,Ag1 Infinite Loop,Bg1 Incorrect code block,84,1,25,1.0,0.0,0,0.513739,0.804537,0.559418,0.815669,0.0,1.0,,1,0,0,0,0,0,0,0,0,0,0,0,0,0,0,0,0,0,0,0,0,0,0,0,0,1,0,0,0,0,0,0,0,0,0,0,0,0,1,0
72,CodeGen-16B,101,Ab1 Constant value error,Bd2 Incorrect function arguments,59,10,60,0.66998,0.33002,0,0.528824,0.793799,0.58405,0.852794,0.0,1.0,,1,0,0,0,0,0,0,0,0,0,0,0,0,0,0,1,0,0,0,0,0,0,0,0,0,0,0,0,0,0,0,1,0,0,0,0,0,0,0,0
73,CodeGen-16B,102,Aa2 Incorrect condition,Ba1 If error,49,7,47,0.302521,0.697479,0,0.617251,0.812682,0.520341,0.676461,0.0,2.0,,2,0,0,0,0,0,0,0,0,0,0,0,0,0,1,0,0,0,0,0,0,0,0,0,0,0,1,0,0,0,0,0,0,0,0,0,0,0,0,0
74,CodeGen-16B,103,Ac1 Wrong method/variable,Bd1 Incorrect function name,69,6,61,0.553102,0.446898,0,0.646794,0.924226,0.480765,0.608744,0.0,2.0,,2,0,0,0,0,0,0,0,0,0,0,0,0,0,0,0,1,0,0,0,0,0,0,0,0,0,0,0,0,0,1,0,0,0,0,0,0,0,0,0
75,CodeGen-16B,103,Ab1 Constant value error,Bc2 Incorrect return value,69,6,61,0.553102,0.446898,0,0.646794,0.924226,0.480765,0.608744,0.0,2.0,,2,0,0,0,0,0,0,0,0,0,0,0,0,0,0,1,0,0,0,0,0,0,0,0,0,0,0,0,0,1,0,0,0,0,0,0,0,0,0,0
76,CodeGen-16B,104,Ac1 Wrong method/variable,Bd2 Incorrect function arguments,47,5,54,0.999003,0.000997,0,0.552984,0.802495,0.500425,0.743347,0.0,1.0,,1,0,0,0,0,0,0,0,0,0,0,0,0,0,0,0,1,0,0,0,0,0,0,0,0,0,0,0,0,0,0,1,0,0,0,0,0,0,0,0
77,CodeGen-16B,105,Ae2 Meaningless code snippet,Bg2 Missing code block,133,19,66,0.90239,0.09761,0,0.447062,0.590338,0.552821,0.80524,0.0,1.0,,0,0,0,0,0,0,0,0,0,0,0,0,0,0,0,0,0,0,0,0,0,1,0,0,0,0,0,0,0,0,0,0,0,0,0,0,0,0,0,1
78,CodeGen-16B,106,Ae2 Meaningless code snippet,Bg2 Missing code block,83,11,95,0.981481,0.018519,0,0.436507,0.447545,0.447491,0.580512,0.0,1.0,,2,0,0,0,0,0,0,0,0,0,0,0,0,0,0,0,0,0,0,0,0,1,0,0,0,0,0,0,0,0,0,0,0,0,0,0,0,0,0,1
79,CodeGen-16B,107,Ac2 Undefined name,Bd1 Incorrect function name,106,10,97,1.0,0.0,0,0.583896,0.843557,0.423121,0.515313,0.0,1.0,,1,0,0,0,0,0,0,0,0,0,0,0,0,0,0,0,0,1,0,0,0,0,0,0,0,0,0,0,0,0,1,0,0,0,0,0,0,0,0,0
80,CodeGen-16B,108,Ae3 Wrong (logical) direction,Bg1 Incorrect code block,66,7,105,0.709325,0.290675,0,0.473397,0.552689,0.571022,0.775826,0.0,1.0,,0,0,0,0,0,0,0,0,0,0,0,0,0,0,0,0,0,0,0,0,0,0,1,0,0,0,0,0,0,0,0,0,0,0,0,0,0,0,1,0
81,CodeGen-16B,109,Ag1 Infinite Loop,Bg1 Incorrect code block,185,11,98,0.876827,0.123173,0,0.54588,0.800517,0.379241,0.511526,0.0,1.0,,0,0,0,0,0,0,0,0,0,0,0,0,0,0,0,0,0,0,0,0,0,0,0,0,0,1,0,0,0,0,0,0,0,0,0,0,0,0,1,0
82,CodeGen-16B,110,Aa2 Incorrect condition,Ba1 If error,114,11,64,0.493545,0.506455,0,0.542579,0.804257,0.543112,0.699715,0.0,1.0,,0,0,0,0,0,0,0,0,0,0,0,0,0,0,1,0,0,0,0,0,0,0,0,0,0,0,1,0,0,0,0,0,0,0,0,0,0,0,0,0
83,CodeGen-16B,111,Af2 Missing multiple steps,Bg2 Missing code block,79,11,92,0.87632,0.12368,0,0.410286,0.577952,0.38849,0.560512,0.0,1.0,,0,0,0,0,0,0,0,0,0,0,0,0,0,0,0,0,0,0,0,0,0,0,0,0,1,0,0,0,0,0,0,0,0,0,0,0,0,0,0,1
84,CodeGen-16B,113,Ab1 Constant value error,Be4 Incorrect constant,98,5,89,0.998986,0.001014,0,0.515931,0.747484,0.445493,0.594647,0.0,1.0,,0,0,0,0,0,0,0,0,0,0,0,0,0,0,0,1,0,0,0,0,0,0,0,0,0,0,0,0,0,0,0,0,0,1,0,0,0,0,0,0
85,CodeGen-16B,113,Ac1 Wrong method/variable,Bd2 Incorrect function arguments,98,5,89,0.998986,0.001014,0,0.515931,0.747484,0.445493,0.594647,0.0,1.0,,0,0,0,0,0,0,0,0,0,0,0,0,0,0,0,0,1,0,0,0,0,0,0,0,0,0,0,0,0,0,0,1,0,0,0,0,0,0,0,0
87,CodeGen-16B,115,Ae3 Wrong (logical) direction,Bg1 Incorrect code block,148,1,33,0.621588,0.378412,0,0.45799,0.685814,0.343046,0.366991,0.0,2.0,,0,0,0,0,0,0,0,0,0,0,0,0,0,0,0,0,0,0,0,0,0,0,1,0,0,0,0,0,0,0,0,0,0,0,0,0,0,0,1,0
88,CodeGen-16B,117,Ae2 Meaningless code snippet,Bg2 Missing code block,105,9,78,0.220907,0.779093,0,0.508799,0.739153,0.481665,0.700063,0.0,2.0,,2,0,0,0,0,0,0,0,0,0,0,0,0,0,0,0,0,0,0,0,0,1,0,0,0,0,0,0,0,0,0,0,0,0,0,0,0,0,0,1
89,CodeGen-16B,118,Ab1 Constant value error,Be4 Incorrect constant,75,8,98,0.945706,0.054294,0,0.579714,0.752932,0.502975,0.566788,0.0,1.0,,0,0,0,0,0,0,0,0,0,0,0,0,0,0,0,1,0,0,0,0,0,0,0,0,0,0,0,0,0,0,0,0,0,1,0,0,0,0,0,0
90,CodeGen-16B,118,Aa2 Incorrect condition,Ba1 If error,75,8,98,0.945706,0.054294,0,0.579714,0.752932,0.502975,0.566788,0.0,1.0,,0,0,0,0,0,0,0,0,0,0,0,0,0,0,1,0,0,0,0,0,0,0,0,0,0,0,1,0,0,0,0,0,0,0,0,0,0,0,0,0
91,CodeGen-16B,119,Af2 Missing multiple steps,Bg2 Missing code block,103,13,103,0.059091,0.940909,0,0.529722,0.692803,0.545442,0.712447,0.0,2.0,,0,0,0,0,0,0,0,0,0,0,0,0,0,0,0,0,0,0,0,0,0,0,0,0,1,0,0,0,0,0,0,0,0,0,0,0,0,0,0,1
92,CodeGen-16B,120,Ae2 Meaningless code snippet,Bg2 Missing code block,111,5,37,1.0,0.0,0,0.517723,0.907734,0.500522,0.850453,0.0,2.0,,0,0,0,0,0,0,0,0,0,0,0,0,0,0,0,0,0,0,0,0,0,1,0,0,0,0,0,0,0,0,0,0,0,0,0,0,0,0,0,1
93,CodeGen-16B,121,Aa1 Missing condition,Ba1 If error,42,1,43,0.826866,0.173134,0,0.649143,0.856307,0.59069,0.778773,0.0,1.0,,0,0,0,0,0,0,0,0,0,0,0,0,0,1,0,0,0,0,0,0,0,0,0,0,0,0,1,0,0,0,0,0,0,0,0,0,0,0,0,0
95,CodeGen-16B,123,Ae2 Meaningless code snippet,Bg2 Missing code block,142,12,87,1.0,0.0,0,0.441997,0.735719,0.40704,0.599208,0.0,1.0,,1,0,0,0,0,0,0,0,0,0,0,0,0,0,0,0,0,0,0,0,0,1,0,0,0,0,0,0,0,0,0,0,0,0,0,0,0,0,0,1
97,CodeGen-16B,125,Af2 Missing multiple steps,Bg2 Missing code block,71,6,65,0.564039,0.435961,0,0.474009,0.562701,0.601899,0.803402,0.0,1.0,,0,0,0,0,0,0,0,0,0,0,0,0,0,0,0,0,0,0,0,0,0,0,0,0,1,0,0,0,0,0,0,0,0,0,0,0,0,0,0,1
98,CodeGen-16B,126,Af2 Missing multiple steps,Bg2 Missing code block,99,9,96,0.041461,0.958539,0,0.539895,0.818202,0.627364,0.87624,0.0,2.0,,0,0,0,0,0,0,0,0,0,0,0,0,0,0,0,0,0,0,0,0,0,0,0,0,1,0,0,0,0,0,0,0,0,0,0,0,0,0,0,1
99,CodeGen-16B,127,Ae3 Wrong (logical) direction,Bg1 Incorrect code block,143,15,114,0.760204,0.239796,0,0.544968,0.763919,0.491699,0.728479,0.0,2.0,,0,0,0,0,0,0,0,0,0,0,0,0,0,0,0,0,0,0,0,0,0,0,1,0,0,0,0,0,0,0,0,0,0,0,0,0,0,0,1,0
100,CodeGen-16B,128,Ac2 Undefined name,Bd1 Incorrect function name,63,3,66,0.998006,0.001994,0,0.520469,0.714778,0.514103,0.775851,0.0,1.0,,0,0,0,0,0,0,0,0,0,0,0,0,0,0,0,0,0,1,0,0,0,0,0,0,0,0,0,0,0,0,1,0,0,0,0,0,0,0,0,0
101,CodeGen-16B,129,Af2 Missing multiple steps,Bg2 Missing code block,249,22,218,1.0,0.0,0,0.415918,0.499901,0.35792,0.397195,0.0,2.0,,4,0,0,0,0,0,0,0,0,0,0,0,0,0,0,0,0,0,0,0,0,0,0,0,1,0,0,0,0,0,0,0,0,0,0,0,0,0,0,1
102,CodeGen-16B,130,Ab1 Constant value error,Bc2 Incorrect return value,126,9,97,1.0,0.0,0,0.578686,0.799631,0.596653,0.821179,0.66,2.0,,1,0,0,0,0,0,0,0,0,0,0,0,0,0,0,1,0,0,0,0,0,0,0,0,0,0,0,0,0,1,0,0,0,0,0,0,0,0,0,0
103,CodeGen-16B,130,Ac1 Wrong method/variable,Bd2 Incorrect function arguments,126,9,97,1.0,0.0,0,0.578686,0.799631,0.596653,0.821179,0.66,2.0,,1,0,0,0,0,0,0,0,0,0,0,0,0,0,0,0,1,0,0,0,0,0,0,0,0,0,0,0,0,0,0,1,0,0,0,0,0,0,0,0
104,CodeGen-16B,131,Aa2 Incorrect condition,Ba1 If error,33,11,64,0.734177,0.265823,0,0.539655,0.730213,0.530009,0.709333,0.0,1.0,,1,0,0,0,0,0,0,0,0,0,0,0,0,0,1,0,0,0,0,0,0,0,0,0,0,0,1,0,0,0,0,0,0,0,0,0,0,0,0,0
105,CodeGen-16B,132,Ae3 Wrong (logical) direction,Bg1 Incorrect code block,62,16,115,0.884615,0.115385,0,0.337349,0.451279,0.353018,0.40421,0.0,1.0,,0,0,0,0,0,0,0,0,0,0,0,0,0,0,0,0,0,0,0,0,0,0,1,0,0,0,0,0,0,0,0,0,0,0,0,0,0,0,1,0
106,CodeGen-16B,133,Ac1 Wrong method/variable,Bd1 Incorrect function name,80,5,34,0.89604,0.10396,0,0.565973,0.878305,0.587,0.890302,0.0,1.0,,0,0,0,0,0,0,0,0,0,0,0,0,0,0,0,0,1,0,0,0,0,0,0,0,0,0,0,0,0,0,1,0,0,0,0,0,0,0,0,0
107,CodeGen-16B,133,Ad1 Incorrect arithmetic operation,Be1 Incorrect arithmetic,80,5,34,0.89604,0.10396,0,0.565973,0.878305,0.587,0.890302,0.0,1.0,,0,0,0,0,0,0,0,0,0,0,0,0,0,0,0,0,0,0,1,0,0,0,0,0,0,0,0,0,0,0,0,0,0,0,1,0,0,0,0,0
108,CodeGen-16B,134,Af2 Missing multiple steps,Bg2 Missing code block,62,2,47,0.386613,0.613387,0,0.562414,0.674962,0.573,0.821451,0.0,1.0,,0,0,0,0,0,0,0,0,0,0,0,0,0,0,0,0,0,0,0,0,0,0,0,0,1,0,0,0,0,0,0,0,0,0,0,0,0,0,0,1
109,CodeGen-16B,135,Ab1 Constant value error,Bc2 Incorrect return value,50,7,57,0.931282,0.068718,0,0.5163,0.624397,0.422683,0.574245,0.0,1.0,,0,0,0,0,0,0,0,0,0,0,0,0,0,0,0,1,0,0,0,0,0,0,0,0,0,0,0,0,0,1,0,0,0,0,0,0,0,0,0,0
110,CodeGen-16B,135,Aa2 Incorrect condition,Ba1 If error,50,7,57,0.931282,0.068718,0,0.5163,0.624397,0.422683,0.574245,0.0,1.0,,0,0,0,0,0,0,0,0,0,0,0,0,0,0,1,0,0,0,0,0,0,0,0,0,0,0,1,0,0,0,0,0,0,0,0,0,0,0,0,0
111,CodeGen-16B,136,Af2 Missing multiple steps,Bg2 Missing code block,62,3,65,0.001982,0.998018,0,0.452833,0.591017,0.423618,0.490173,0.0,2.0,,0,0,0,0,0,0,0,0,0,0,0,0,0,0,0,0,0,0,0,0,0,0,0,0,1,0,0,0,0,0,0,0,0,0,0,0,0,0,0,1
112,CodeGen-16B,137,Af2 Missing multiple steps,Bg2 Missing code block,68,5,89,0.161706,0.838294,0,0.456388,0.485444,0.526472,0.653636,0.0,1.0,,2,0,0,0,0,0,0,0,0,0,0,0,0,0,0,0,0,0,0,0,0,0,0,0,1,0,0,0,0,0,0,0,0,0,0,0,0,0,0,1
113,CodeGen-16B,138,Ad4 Incorrect comparison operation,Be6 Incorrect comparison,31,1,22,0.22314,0.77686,0,0.635302,0.899793,0.523771,0.707056,0.0,1.0,,1,0,0,0,0,0,0,0,0,0,0,0,0,0,0,0,0,0,0,1,0,0,0,0,0,0,0,0,0,0,0,0,0,0,0,0,1,0,0,0
114,CodeGen-16B,139,Aa2 Incorrect condition,Bb1 For error,46,6,41,0.977099,0.022901,0,0.607434,0.837226,0.554916,0.751815,0.0,1.0,,1,0,0,0,0,0,0,0,0,0,0,0,0,0,1,0,0,0,0,0,0,0,0,0,0,0,0,1,0,0,0,0,0,0,0,0,0,0,0,0
115,CodeGen-16B,139,Af2 Missing multiple steps,Bg2 Missing code block,46,6,41,0.977099,0.022901,0,0.607434,0.837226,0.554916,0.751815,0.0,1.0,,1,0,0,0,0,0,0,0,0,0,0,0,0,0,0,0,0,0,0,0,0,0,0,0,1,0,0,0,0,0,0,0,0,0,0,0,0,0,0,1
116,CodeGen-16B,140,Ae2 Meaningless code snippet,Bg2 Missing code block,49,20,171,0.538308,0.461692,0,0.468269,0.623733,0.528541,0.711224,0.0,1.0,,0,0,0,0,0,0,0,0,0,0,0,0,0,0,0,0,0,0,0,0,0,1,0,0,0,0,0,0,0,0,0,0,0,0,0,0,0,0,0,1
117,CodeGen-16B,141,Aa2 Incorrect condition,Ba1 If error,124,14,111,0.019493,0.980507,0,0.525722,0.715342,0.411951,0.508348,0.0,1.0,,0,0,0,0,0,0,0,0,0,0,0,0,0,0,1,0,0,0,0,0,0,0,0,0,0,0,1,0,0,0,0,0,0,0,0,0,0,0,0,0
118,CodeGen-16B,141,Aa1 Missing condition,Ba1 If error,124,14,111,0.019493,0.980507,0,0.525722,0.715342,0.411951,0.508348,0.0,1.0,,0,0,0,0,0,0,0,0,0,0,0,0,0,1,0,0,0,0,0,0,0,0,0,0,0,0,1,0,0,0,0,0,0,0,0,0,0,0,0,0
119,CodeGen-16B,142,Af2 Missing multiple steps,Bg2 Missing code block,111,9,98,0.977183,0.022817,0,0.547114,0.76549,0.565895,0.769385,0.0,2.0,,0,0,0,0,0,0,0,0,0,0,0,0,0,0,0,0,0,0,0,0,0,0,0,0,1,0,0,0,0,0,0,0,0,0,0,0,0,0,0,1
120,CodeGen-16B,143,Ac2 Undefined name,Bd1 Incorrect function name,93,11,96,1.0,0.0,0,0.50124,0.68647,0.443928,0.524297,0.0,1.0,,0,0,0,0,0,0,0,0,0,0,0,0,0,0,0,0,0,1,0,0,0,0,0,0,0,0,0,0,0,0,1,0,0,0,0,0,0,0,0,0
121,CodeGen-16B,144,Ae2 Meaningless code snippet,Bg2 Missing code block,89,7,85,0.040554,0.959446,0,0.417079,0.61956,0.350536,0.533982,0.0,1.0,,2,0,0,0,0,0,0,0,0,0,0,0,0,0,0,0,0,0,0,0,0,1,0,0,0,0,0,0,0,0,0,0,0,0,0,0,0,0,0,1
122,CodeGen-16B,145,Af2 Missing multiple steps,Bg2 Missing code block,63,7,85,0.975149,0.024851,0,0.487174,0.589877,0.527174,0.729206,0.0,1.0,,0,0,0,0,0,0,0,0,0,0,0,0,0,0,0,0,0,0,0,0,0,0,0,0,1,0,0,0,0,0,0,0,0,0,0,0,0,0,0,1
123,CodeGen-16B,146,Aa2 Incorrect condition,Ba1 If error,60,8,76,0.471357,0.528643,0,0.534029,0.661602,0.529301,0.66895,0.0,1.0,,1,0,0,0,0,0,0,0,0,0,0,0,0,0,1,0,0,0,0,0,0,0,0,0,0,0,1,0,0,0,0,0,0,0,0,0,0,0,0,0
124,CodeGen-16B,147,Ae3 Wrong (logical) direction,Bg1 Incorrect code block,93,8,135,0.991597,0.008403,0,0.516332,0.702889,0.600175,0.772346,0.0,1.0,,1,0,0,0,0,0,0,0,0,0,0,0,0,0,0,0,0,0,0,0,0,0,1,0,0,0,0,0,0,0,0,0,0,0,0,0,0,0,1,0
125,CodeGen-16B,149,Ac1 Wrong method/variable,Bd2 Incorrect function arguments,124,6,51,0.225152,0.774848,0,0.474349,0.701687,0.527829,0.680965,0.0,1.0,,0,0,0,0,0,0,0,0,0,0,0,0,0,0,0,0,1,0,0,0,0,0,0,0,0,0,0,0,0,0,0,1,0,0,0,0,0,0,0,0
126,CodeGen-16B,149,Af2 Missing multiple steps,Bg2 Missing code block,124,6,51,0.225152,0.774848,0,0.474349,0.701687,0.527829,0.680965,0.0,1.0,,0,0,0,0,0,0,0,0,0,0,0,0,0,0,0,0,0,0,0,0,0,0,0,0,1,0,0,0,0,0,0,0,0,0,0,0,0,0,0,1
127,CodeGen-16B,150,Aa1 Missing condition,Ba1 If error,42,8,43,0.214286,0.785714,0,0.475055,0.542715,0.591924,0.799057,0.0,1.0,,3,0,0,0,0,0,0,0,0,0,0,0,0,1,0,0,0,0,0,0,0,0,0,0,0,0,1,0,0,0,0,0,0,0,0,0,0,0,0,0
128,CodeGen-16B,151,Aa1 Missing condition,Ba1 If error,65,1,44,0.767396,0.232604,0,0.552092,0.803768,0.555216,0.803685,0.0,1.0,,0,0,0,0,0,0,0,0,0,0,0,0,0,1,0,0,0,0,0,0,0,0,0,0,0,0,1,0,0,0,0,0,0,0,0,0,0,0,0,0
129,CodeGen-16B,153,Ae2 Meaningless code snippet,Bg2 Missing code block,155,9,160,1.0,0.0,0,0.434179,0.700094,0.29679,0.412479,0.0,1.0,,1,0,0,0,0,0,0,0,0,0,0,0,0,0,0,0,0,0,0,0,0,1,0,0,0,0,0,0,0,0,0,0,0,0,0,0,0,0,0,1
130,CodeGen-16B,154,Aa1 Missing condition,Ba1 If error,49,7,86,0.012922,0.987078,0,0.563236,0.718821,0.527274,0.707419,0.0,2.0,,2,0,0,0,0,0,0,0,0,0,0,0,0,1,0,0,0,0,0,0,0,0,0,0,0,0,1,0,0,0,0,0,0,0,0,0,0,0,0,0
131,CodeGen-16B,155,Aa2 Incorrect condition,Bb2 While error,28,8,54,0.607004,0.392996,0,0.541337,0.708041,0.495149,0.588884,0.0,1.0,,0,0,0,0,0,0,0,0,0,0,0,0,0,0,1,0,0,0,0,0,0,0,0,0,0,0,0,0,1,0,0,0,0,0,0,0,0,0,0,0
132,CodeGen-16B,156,Ab1 Constant value error,Be4 Incorrect constant,40,14,105,0.477273,0.522727,0,0.34969,0.279929,0.453326,0.538249,0.0,1.0,,0,0,0,0,0,0,0,0,0,0,0,0,0,0,0,1,0,0,0,0,0,0,0,0,0,0,0,0,0,0,0,0,0,1,0,0,0,0,0,0
133,CodeGen-16B,156,Ad1 Incorrect arithmetic operation,Be1 Incorrect arithmetic,40,14,105,0.477273,0.522727,0,0.34969,0.279929,0.453326,0.538249,0.0,1.0,,0,0,0,0,0,0,0,0,0,0,0,0,0,0,0,0,0,0,1,0,0,0,0,0,0,0,0,0,0,0,0,0,0,0,1,0,0,0,0,0
134,CodeGen-16B,158,Ae1 Only comments,Bg2 Missing code block,59,1,33,1.0,0.0,0,0.101786,0.159042,0.116769,0.127754,0.0,1.0,,0,0,0,0,0,0,0,0,0,0,0,0,0,0,0,0,0,0,0,0,1,0,0,0,0,0,0,0,0,0,0,0,0,0,0,0,0,0,0,1
135,CodeGen-16B,159,Ae2 Meaningless code snippet,Bg2 Missing code block,162,4,40,1.0,0.0,0,0.506647,0.895246,0.546825,0.91406,0.0,1.0,,0,0,0,0,0,0,0,0,0,0,0,0,0,0,0,0,0,0,0,0,0,1,0,0,0,0,0,0,0,0,0,0,0,0,0,0,0,0,0,1
136,CodeGen-16B,160,Ae2 Meaningless code snippet,Bg2 Missing code block,131,4,55,0.962555,0.037445,0,0.457433,0.776916,0.420899,0.544049,0.0,2.0,,0,0,0,0,0,0,0,0,0,0,0,0,0,0,0,0,0,0,0,0,0,1,0,0,0,0,0,0,0,0,0,0,0,0,0,0,0,0,0,1
137,CodeGen-16B,161,Af2 Missing multiple steps,Bg2 Missing code block,56,14,92,0.027245,0.972755,0,0.477177,0.711985,0.524366,0.741498,0.0,1.0,,1,0,0,0,0,0,0,0,0,0,0,0,0,0,0,0,0,0,0,0,0,0,0,0,1,0,0,0,0,0,0,0,0,0,0,0,0,0,0,1
138,CodeGen-16B,162,Af1 Missing one step,Bf1 Import error,27,2,27,0.998008,0.001992,0,0.543903,0.708252,0.647869,0.898171,0.0,1.0,,0,0,0,0,0,0,0,0,0,0,0,0,0,0,0,0,0,0,0,0,0,0,0,1,0,0,0,0,0,0,0,0,0,0,0,0,0,1,0,0
139,CodeGen-16B,163,Af1 Missing one step,Bg2 Missing code block,43,3,60,0.543611,0.456389,0,0.628003,0.815585,0.619447,0.78833,0.08,1.0,,2,0,0,0,0,0,0,0,0,0,0,0,0,0,0,0,0,0,0,0,0,0,0,1,0,0,0,0,0,0,0,0,0,0,0,0,0,0,0,1
140,CodeGen-16B,163,Aa2 Incorrect condition,Bb1 For error,43,3,60,0.543611,0.456389,0,0.628003,0.815585,0.619447,0.78833,0.08,1.0,,2,0,0,0,0,0,0,0,0,0,0,0,0,0,1,0,0,0,0,0,0,0,0,0,0,0,0,1,0,0,0,0,0,0,0,0,0,0,0,0
